registration_month,powertrain_group,registration_count
1901-01,combustion,1
1901-01,other_or_unknown,1
1901-05,combustion,1
1902-01,combustion,1
1903-01,combustion,4
1903-01,other_or_unknown,1
1903-05,combustion,1
1903-09,combustion,1
1904-01,combustion,6
1904-04,combustion,1
1904-11,combustion,1
1905-01,combustion,3
1905-05,combustion,1
1906-01,combustion,4
1906-02,combustion,2
1906-08,combustion,1
1906-09,combustion,1
1907-01,combustion,4
1907-05,combustion,1
1908-01,combustion,4
1908-11,combustion,1
1908-12,combustion,1
1909-01,combustion,7
1909-05,combustion,1
1909-07,combustion,1
1909-12,combustion,1
1910-01,combustion,2
1910-11,combustion,1
1911-01,combustion,10
1911-05,combustion,1
1911-11,combustion,1
1912-01,combustion,10
1912-06,combustion,2
1913-01,combustion,17
1913-05,combustion,1
1913-06,combustion,1
1914-01,combustion,13
1914-04,combustion,2
1914-05,combustion,1
1914-06,combustion,3
1914-07,combustion,1
1914-10,combustion,1
1914-11,combustion,1
1915-01,combustion,14
1915-03,combustion,2
1915-04,combustion,1
1915-07,combustion,1
1915-11,combustion,1
1916-01,combustion,4
1917-01,combustion,4
1917-05,combustion,1
1917-06,combustion,4
1917-07,combustion,1
1917-09,combustion,1
1918-01,combustion,7
1918-03,combustion,2
1918-04,combustion,1
1918-05,combustion,1
1918-09,combustion,1
1918-12,combustion,2
1919-01,combustion,4
1919-06,combustion,2
1920-01,combustion,5
1920-06,combustion,2
1920-07,combustion,1
1920-10,combustion,1
1920-12,combustion,1
1921-01,combustion,2
1922-01,combustion,10
1922-06,combustion,1
1923-01,combustion,25
1923-03,combustion,2
1923-04,combustion,1
1923-05,combustion,4
1923-06,combustion,3
1923-07,combustion,2
1923-09,combustion,1
1923-11,combustion,1
1923-12,combustion,2
1924-01,combustion,27
1924-02,combustion,1
1924-04,combustion,1
1924-05,combustion,1
1924-06,combustion,3
1924-08,combustion,2
1924-12,combustion,2
1925-01,combustion,37
1925-02,combustion,4
1925-03,combustion,5
1925-04,combustion,2
1925-05,combustion,8
1925-06,combustion,5
1925-11,combustion,3
1925-12,combustion,3
1926-01,combustion,43
1926-02,combustion,2
1926-03,combustion,3
1926-04,combustion,5
1926-05,combustion,2
1926-06,combustion,5
1926-07,combustion,1
1926-08,combustion,2
1926-09,combustion,2
1926-10,combustion,3
1926-11,combustion,3
1926-12,combustion,3
1927-01,combustion,39
1927-02,combustion,6
1927-03,combustion,3
1927-04,combustion,1
1927-05,combustion,6
1927-06,combustion,6
1927-07,combustion,1
1927-08,combustion,2
1927-09,combustion,2
1927-11,combustion,3
1927-12,combustion,4
1928-01,combustion,98
1928-02,combustion,4
1928-03,combustion,4
1928-04,combustion,2
1928-05,combustion,5
1928-06,combustion,14
1928-07,combustion,3
1928-08,combustion,13
1928-09,combustion,7
1928-10,combustion,4
1928-11,combustion,8
1928-12,combustion,7
1929-01,combustion,95
1929-02,combustion,3
1929-03,combustion,8
1929-04,combustion,3
1929-05,combustion,6
1929-06,combustion,13
1929-07,combustion,3
1929-08,combustion,4
1929-09,combustion,9
1929-10,combustion,6
1929-11,combustion,7
1929-12,combustion,6
1930-01,combustion,131
1930-02,combustion,10
1930-03,combustion,13
1930-04,combustion,12
1930-05,combustion,11
1930-06,combustion,20
1930-07,combustion,6
1930-08,combustion,4
1930-09,combustion,9
1930-10,combustion,6
1930-11,combustion,5
1930-12,combustion,4
1931-01,combustion,40
1931-02,combustion,7
1931-03,combustion,4
1931-04,combustion,3
1931-05,combustion,5
1931-06,combustion,2
1931-07,combustion,3
1931-08,combustion,5
1931-09,combustion,2
1931-10,combustion,2
1931-11,combustion,2
1931-12,combustion,3
1932-01,combustion,28
1932-02,combustion,1
1932-03,combustion,1
1932-04,combustion,2
1932-06,combustion,6
1932-07,combustion,3
1932-08,combustion,1
1932-09,combustion,1
1932-10,combustion,1
1932-11,combustion,2
1932-12,combustion,3
1933-01,combustion,13
1933-02,combustion,2
1933-03,combustion,2
1933-04,combustion,1
1933-05,combustion,1
1933-06,combustion,4
1933-07,combustion,1
1933-09,combustion,1
1933-11,combustion,2
1933-12,combustion,1
1934-01,combustion,63
1934-02,combustion,1
1934-03,combustion,4
1934-04,combustion,4
1934-05,combustion,5
1934-06,combustion,11
1934-07,combustion,5
1934-08,combustion,6
1934-09,combustion,2
1934-10,combustion,4
1934-11,combustion,3
1934-12,combustion,9
1935-01,combustion,54
1935-02,combustion,1
1935-04,combustion,5
1935-05,combustion,5
1935-06,combustion,8
1935-07,combustion,5
1935-08,combustion,5
1935-09,combustion,4
1935-10,combustion,9
1935-11,combustion,9
1935-12,combustion,3
1936-01,combustion,73
1936-02,combustion,5
1936-03,combustion,5
1936-04,combustion,7
1936-05,combustion,3
1936-06,combustion,11
1936-07,combustion,3
1936-08,combustion,7
1936-09,combustion,6
1936-10,combustion,7
1936-11,combustion,9
1936-12,combustion,8
1937-01,combustion,108
1937-02,combustion,15
1937-03,combustion,12
1937-04,combustion,10
1937-05,combustion,14
1937-06,combustion,22
1937-07,combustion,10
1937-08,combustion,8
1937-09,combustion,8
1937-10,combustion,12
1937-11,combustion,12
1937-12,combustion,10
1938-01,combustion,110
1938-02,combustion,12
1938-03,combustion,16
1938-04,combustion,9
1938-05,combustion,8
1938-06,combustion,13
1938-07,combustion,9
1938-08,combustion,11
1938-09,combustion,2
1938-10,combustion,10
1938-11,combustion,8
1938-12,combustion,16
1939-01,combustion,98
1939-02,combustion,11
1939-03,combustion,18
1939-04,combustion,15
1939-05,combustion,12
1939-06,combustion,21
1939-07,combustion,8
1939-08,combustion,6
1939-09,combustion,6
1939-10,combustion,7
1939-11,combustion,5
1939-11,other_or_unknown,1
1939-12,combustion,4
1940-01,combustion,11
1940-02,combustion,3
1940-03,combustion,5
1940-04,combustion,3
1940-06,combustion,2
1940-07,combustion,1
1940-09,combustion,2
1940-10,combustion,1
1940-11,combustion,1
1940-12,combustion,2
1941-01,combustion,6
1941-03,combustion,1
1941-06,combustion,1
1941-07,combustion,1
1942-01,combustion,15
1942-02,combustion,2
1942-05,combustion,3
1942-07,combustion,2
1942-11,combustion,1
1943-01,combustion,5
1943-02,combustion,1
1943-03,combustion,1
1943-05,combustion,1
1943-07,combustion,2
1943-10,combustion,2
1943-12,combustion,3
1944-01,combustion,2
1944-03,combustion,2
1944-04,combustion,1
1944-06,combustion,1
1944-07,combustion,1
1944-09,combustion,1
1944-11,combustion,1
1945-01,combustion,4
1945-06,combustion,1
1945-07,combustion,1
1945-08,combustion,1
1945-09,combustion,1
1945-11,combustion,2
1945-12,combustion,1
1946-01,combustion,37
1946-02,combustion,2
1946-03,combustion,1
1946-04,combustion,1
1946-05,combustion,3
1946-06,combustion,3
1946-08,combustion,4
1946-09,combustion,2
1946-10,combustion,3
1946-11,combustion,4
1946-12,combustion,5
1947-01,combustion,36
1947-02,combustion,6
1947-03,combustion,4
1947-04,combustion,5
1947-05,combustion,1
1947-06,combustion,7
1947-07,combustion,2
1947-08,combustion,4
1947-09,combustion,6
1947-10,combustion,9
1947-11,combustion,7
1947-12,combustion,3
1948-01,combustion,44
1948-02,combustion,4
1948-03,combustion,7
1948-04,combustion,6
1948-05,combustion,4
1948-06,combustion,7
1948-07,combustion,8
1948-08,combustion,2
1948-09,combustion,3
1948-10,combustion,5
1948-11,combustion,5
1948-12,combustion,2
1949-01,combustion,36
1949-02,combustion,1
1949-03,combustion,5
1949-04,combustion,2
1949-05,combustion,3
1949-06,combustion,4
1949-07,combustion,4
1949-08,combustion,4
1949-09,combustion,3
1949-10,combustion,4
1949-11,combustion,1
1949-12,combustion,1
1950-01,combustion,29
1950-02,combustion,2
1950-03,combustion,3
1950-04,combustion,1
1950-05,combustion,3
1950-06,combustion,6
1950-07,combustion,1
1950-08,combustion,5
1950-09,combustion,4
1950-10,combustion,4
1950-11,combustion,7
1950-12,combustion,5
1951-01,combustion,60
1951-02,combustion,3
1951-03,combustion,3
1951-04,combustion,4
1951-05,combustion,12
1951-06,combustion,9
1951-07,combustion,8
1951-08,combustion,3
1951-09,combustion,8
1951-10,combustion,10
1951-11,combustion,11
1951-12,combustion,7
1952-01,combustion,93
1952-02,combustion,15
1952-03,combustion,8
1952-04,combustion,15
1952-05,combustion,11
1952-06,combustion,9
1952-07,combustion,7
1952-08,combustion,10
1952-09,combustion,5
1952-10,combustion,6
1952-11,combustion,4
1952-12,combustion,6
1953-01,combustion,46
1953-02,combustion,5
1953-03,combustion,4
1953-04,combustion,3
1953-05,combustion,2
1953-06,combustion,7
1953-07,combustion,4
1953-08,combustion,5
1953-09,combustion,7
1953-10,combustion,9
1953-11,combustion,7
1953-12,combustion,6
1954-01,combustion,101
1954-02,combustion,4
1954-03,combustion,8
1954-04,combustion,6
1954-05,combustion,11
1954-06,combustion,15
1954-07,combustion,8
1954-08,combustion,4
1954-09,combustion,11
1954-10,combustion,18
1954-11,combustion,25
1954-12,combustion,18
1955-01,combustion,113
1955-02,combustion,12
1955-03,combustion,16
1955-04,combustion,14
1955-05,combustion,23
1955-06,combustion,15
1955-07,combustion,12
1955-08,combustion,9
1955-09,combustion,14
1955-10,combustion,13
1955-11,combustion,16
1955-12,combustion,28
1956-01,combustion,73
1956-02,combustion,17
1956-03,combustion,14
1956-04,combustion,14
1956-05,combustion,11
1956-06,combustion,15
1956-07,combustion,9
1956-08,combustion,11
1956-09,combustion,12
1956-10,combustion,16
1956-11,combustion,22
1956-12,combustion,13
1957-01,combustion,90
1957-02,combustion,9
1957-03,combustion,16
1957-04,combustion,15
1957-05,combustion,20
1957-06,combustion,27
1957-07,combustion,22
1957-08,combustion,13
1957-09,combustion,12
1957-09,bev,1
1957-10,combustion,11
1957-11,combustion,9
1957-12,combustion,18
1958-01,combustion,78
1958-02,combustion,12
1958-03,combustion,7
1958-04,combustion,11
1958-05,combustion,15
1958-06,combustion,7
1958-07,combustion,9
1958-08,combustion,7
1958-09,combustion,4
1958-10,combustion,11
1958-11,combustion,8
1958-12,combustion,18
1959-01,combustion,47
1959-02,combustion,3
1959-03,combustion,10
1959-04,combustion,5
1959-05,combustion,5
1959-06,combustion,8
1959-07,combustion,10
1959-08,combustion,11
1959-09,combustion,10
1959-10,combustion,6
1959-11,combustion,12
1959-12,combustion,19
1960-01,combustion,61
1960-02,combustion,4
1960-03,combustion,5
1960-04,combustion,11
1960-05,combustion,10
1960-06,combustion,15
1960-07,combustion,14
1960-08,combustion,13
1960-09,combustion,12
1960-10,combustion,16
1960-11,combustion,12
1960-12,combustion,10
1961-01,combustion,82
1961-02,combustion,15
1961-03,combustion,13
1961-04,combustion,18
1961-05,combustion,20
1961-06,combustion,15
1961-07,combustion,10
1961-08,combustion,21
1961-09,combustion,18
1961-10,combustion,17
1961-11,combustion,14
1961-12,combustion,18
1962-01,combustion,87
1962-02,combustion,17
1962-03,combustion,12
1962-04,combustion,20
1962-05,combustion,21
1962-06,combustion,16
1962-07,combustion,23
1962-08,combustion,20
1962-09,combustion,18
1962-10,combustion,20
1962-11,combustion,37
1962-12,combustion,29
1963-01,combustion,108
1963-02,combustion,14
1963-03,combustion,17
1963-04,combustion,11
1963-05,combustion,22
1963-06,combustion,21
1963-07,combustion,22
1963-08,combustion,30
1963-09,combustion,14
1963-10,combustion,37
1963-11,combustion,45
1963-12,combustion,43
1964-01,combustion,167
1964-02,combustion,26
1964-03,combustion,34
1964-04,combustion,22
1964-05,combustion,35
1964-06,combustion,40
1964-07,combustion,32
1964-08,combustion,30
1964-09,combustion,42
1964-10,combustion,33
1964-11,combustion,44
1964-12,combustion,31
1965-01,combustion,128
1965-02,combustion,31
1965-03,combustion,29
1965-04,combustion,13
1965-05,combustion,34
1965-06,combustion,36
1965-07,combustion,29
1965-08,combustion,29
1965-09,combustion,40
1965-10,combustion,43
1965-11,combustion,42
1965-12,combustion,47
1966-01,combustion,144
1966-01,bev,1
1966-02,combustion,33
1966-03,combustion,29
1966-04,combustion,30
1966-05,combustion,26
1966-06,combustion,38
1966-07,combustion,42
1966-08,combustion,32
1966-09,combustion,32
1966-10,combustion,33
1966-11,combustion,49
1966-12,combustion,38
1967-01,combustion,127
1967-02,combustion,42
1967-03,combustion,42
1967-04,combustion,32
1967-05,combustion,34
1967-06,combustion,59
1967-07,combustion,23
1967-08,combustion,35
1967-09,combustion,39
1967-10,combustion,31
1967-11,combustion,38
1967-12,combustion,39
1968-01,combustion,96
1968-02,combustion,36
1968-03,combustion,22
1968-04,combustion,14
1968-05,combustion,27
1968-06,combustion,25
1968-07,combustion,43
1968-08,combustion,32
1968-09,combustion,35
1968-10,combustion,34
1968-11,combustion,31
1968-12,combustion,25
1969-01,combustion,112
1969-02,combustion,33
1969-03,combustion,32
1969-04,combustion,24
1969-05,combustion,26
1969-06,combustion,23
1969-07,combustion,35
1969-08,combustion,28
1969-09,combustion,34
1969-10,combustion,29
1969-11,combustion,28
1969-12,combustion,38
1970-01,combustion,138
1970-02,combustion,34
1970-03,combustion,43
1970-04,combustion,45
1970-05,combustion,70
1970-06,combustion,41
1970-07,combustion,53
1970-08,combustion,51
1970-09,combustion,65
1970-10,combustion,65
1970-11,combustion,71
1970-12,combustion,46
1971-01,combustion,147
1971-02,combustion,46
1971-03,combustion,55
1971-04,combustion,53
1971-05,combustion,45
1971-06,combustion,36
1971-07,combustion,48
1971-08,combustion,35
1971-09,combustion,34
1971-10,combustion,56
1971-11,combustion,65
1971-12,combustion,76
1972-01,combustion,191
1972-02,combustion,53
1972-03,combustion,60
1972-04,combustion,49
1972-05,combustion,58
1972-06,combustion,55
1972-07,combustion,57
1972-08,combustion,60
1972-09,combustion,50
1972-10,combustion,70
1972-11,combustion,86
1972-12,combustion,86
1973-01,combustion,189
1973-02,combustion,68
1973-03,combustion,43
1973-04,combustion,54
1973-05,combustion,69
1973-06,combustion,54
1973-07,combustion,55
1973-08,combustion,43
1973-09,combustion,51
1973-10,combustion,60
1973-11,combustion,71
1973-12,combustion,63
1974-01,combustion,168
1974-02,combustion,74
1974-03,combustion,49
1974-04,combustion,62
1974-05,combustion,90
1974-06,combustion,77
1974-07,combustion,77
1974-08,combustion,72
1974-09,combustion,27
1974-10,combustion,42
1974-11,combustion,38
1974-12,combustion,59
1975-01,combustion,88
1975-01,bev,1
1975-02,combustion,43
1975-03,combustion,50
1975-04,combustion,46
1975-05,combustion,45
1975-06,combustion,47
1975-07,combustion,35
1975-08,combustion,48
1975-09,combustion,41
1975-10,combustion,47
1975-11,combustion,37
1975-12,combustion,31
1976-01,combustion,61
1976-02,combustion,23
1976-03,combustion,44
1976-04,combustion,28
1976-05,combustion,28
1976-06,combustion,34
1976-07,combustion,24
1976-08,combustion,22
1976-09,combustion,25
1976-10,combustion,37
1976-11,combustion,43
1976-12,combustion,64
1977-01,combustion,56
1977-02,combustion,33
1977-02,other_or_unknown,1
1977-03,combustion,39
1977-04,combustion,34
1977-05,combustion,37
1977-06,combustion,80
1977-07,combustion,31
1977-08,combustion,28
1977-09,combustion,28
1977-10,combustion,31
1977-11,combustion,29
1977-12,combustion,26
1978-01,combustion,44
1978-02,combustion,34
1978-03,combustion,25
1978-04,combustion,42
1978-05,combustion,36
1978-06,combustion,35
1978-07,combustion,36
1978-08,combustion,38
1978-09,combustion,38
1978-10,combustion,30
1978-11,combustion,47
1978-12,combustion,30
1979-01,combustion,66
1979-02,combustion,22
1979-03,combustion,39
1979-04,combustion,30
1979-05,combustion,31
1979-06,combustion,36
1979-06,other_or_unknown,1
1979-07,combustion,22
1979-08,combustion,37
1979-09,combustion,25
1979-10,combustion,32
1979-11,combustion,31
1979-12,combustion,40
1980-01,combustion,50
1980-02,combustion,38
1980-03,combustion,39
1980-04,combustion,35
1980-05,combustion,32
1980-06,combustion,28
1980-07,combustion,39
1980-08,combustion,37
1980-09,combustion,39
1980-10,combustion,32
1980-11,combustion,29
1980-12,combustion,31
1981-01,combustion,45
1981-02,combustion,26
1981-03,combustion,30
1981-04,combustion,29
1981-05,combustion,24
1981-06,combustion,19
1981-07,combustion,22
1981-08,combustion,35
1981-09,combustion,22
1981-10,combustion,33
1981-11,combustion,27
1981-12,combustion,19
1982-01,combustion,41
1982-02,combustion,29
1982-03,combustion,30
1982-04,combustion,26
1982-05,combustion,41
1982-06,combustion,49
1982-07,combustion,26
1982-08,combustion,22
1982-09,combustion,25
1982-10,combustion,23
1982-11,combustion,15
1982-12,combustion,25
1983-01,combustion,31
1983-02,combustion,19
1983-03,combustion,23
1983-04,combustion,18
1983-05,combustion,24
1983-06,combustion,23
1983-07,combustion,27
1983-08,combustion,14
1983-09,combustion,25
1983-10,combustion,31
1983-11,combustion,26
1983-12,combustion,18
1984-01,combustion,37
1984-02,combustion,29
1984-03,combustion,30
1984-04,combustion,28
1984-05,combustion,25
1984-06,combustion,19
1984-07,combustion,35
1984-08,combustion,22
1984-09,combustion,33
1984-10,combustion,25
1984-11,combustion,35
1984-12,combustion,28
1985-01,combustion,57
1985-02,combustion,32
1985-03,combustion,36
1985-04,combustion,33
1985-05,combustion,45
1985-06,combustion,46
1985-07,combustion,37
1985-08,combustion,36
1985-09,combustion,43
1985-10,combustion,31
1985-11,combustion,27
1985-12,combustion,43
1986-01,combustion,63
1986-02,combustion,39
1986-03,combustion,28
1986-04,combustion,39
1986-05,combustion,34
1986-06,combustion,47
1986-07,combustion,39
1986-08,combustion,51
1986-09,combustion,45
1986-10,combustion,47
1986-11,combustion,36
1986-12,combustion,47
1987-01,combustion,48
1987-02,combustion,42
1987-03,combustion,38
1987-04,combustion,41
1987-05,combustion,74
1987-06,combustion,64
1987-07,combustion,57
1987-08,combustion,75
1987-09,combustion,123
1987-10,combustion,67
1987-11,combustion,47
1987-12,combustion,51
1988-01,combustion,50
1988-02,combustion,46
1988-03,combustion,40
1988-04,combustion,29
1988-05,combustion,35
1988-06,combustion,30
1988-07,combustion,42
1988-08,combustion,35
1988-09,combustion,39
1988-10,combustion,29
1988-11,combustion,44
1988-12,combustion,52
1989-01,combustion,57
1989-02,combustion,49
1989-03,combustion,61
1989-04,combustion,35
1989-05,combustion,51
1989-06,combustion,55
1989-07,combustion,39
1989-08,combustion,51
1989-09,combustion,53
1989-10,combustion,46
1989-11,combustion,66
1989-12,combustion,51
1990-01,combustion,66
1990-02,combustion,51
1990-03,combustion,67
1990-04,combustion,59
1990-05,combustion,68
1990-06,combustion,54
1990-07,combustion,76
1990-08,combustion,60
1990-09,combustion,56
1990-10,combustion,116
1990-11,combustion,55
1990-12,combustion,80
1991-01,combustion,52
1991-02,combustion,31
1991-03,combustion,42
1991-04,combustion,42
1991-05,combustion,40
1991-06,combustion,34
1991-07,combustion,35
1991-08,combustion,50
1991-09,combustion,48
1991-10,combustion,41
1991-11,combustion,41
1991-12,combustion,61
1992-01,combustion,46
1992-02,combustion,53
1992-03,combustion,38
1992-04,combustion,23
1992-05,combustion,44
1992-06,combustion,47
1992-07,combustion,52
1992-08,combustion,52
1992-09,combustion,51
1992-10,combustion,41
1992-11,combustion,52
1992-12,combustion,49
1993-01,combustion,45
1993-02,combustion,45
1993-03,combustion,56
1993-04,combustion,43
1993-05,combustion,54
1993-06,combustion,46
1993-07,combustion,64
1993-08,combustion,46
1993-09,combustion,47
1993-10,combustion,58
1993-11,combustion,65
1993-12,combustion,50
1994-01,combustion,70
1994-02,combustion,53
1994-03,combustion,89
1994-04,combustion,45
1994-05,combustion,68
1994-06,combustion,67
1994-07,combustion,55
1994-08,combustion,63
1994-09,combustion,77
1994-10,combustion,98
1994-11,combustion,86
1994-12,combustion,69
1995-01,combustion,114
1995-02,combustion,81
1995-03,combustion,90
1995-04,combustion,76
1995-05,combustion,90
1995-06,combustion,92
1995-07,combustion,92
1995-08,combustion,107
1995-09,combustion,118
1995-10,combustion,109
1995-11,combustion,96
1995-12,combustion,93
1996-01,combustion,100
1996-02,combustion,95
1996-03,combustion,116
1996-04,combustion,104
1996-05,combustion,122
1996-06,combustion,91
1996-07,combustion,126
1996-08,combustion,137
1996-09,combustion,440
1996-10,combustion,672
1996-11,combustion,799
1996-12,combustion,845
1996-12,bev,1
1997-01,combustion,731
1997-02,combustion,687
1997-02,bev,1
1997-03,combustion,712
1997-04,combustion,848
1997-05,combustion,890
1997-06,combustion,761
1997-07,combustion,882
1997-08,combustion,721
1997-09,combustion,788
1997-09,bev,1
1997-10,combustion,710
1997-11,combustion,590
1997-12,combustion,742
1998-01,combustion,657
1998-02,combustion,587
1998-03,combustion,671
1998-04,combustion,571
1998-05,combustion,616
1998-06,combustion,698
1998-07,combustion,848
1998-08,combustion,866
1998-09,combustion,897
1998-10,combustion,946
1998-11,combustion,907
1998-12,combustion,1058
1999-01,combustion,822
1999-02,combustion,807
1999-03,combustion,1018
1999-03,bev,1
1999-04,combustion,1016
1999-05,combustion,1030
1999-06,combustion,1092
1999-07,combustion,1098
1999-08,combustion,1140
1999-09,combustion,1082
1999-10,combustion,1071
1999-10,bev,2
1999-11,combustion,1186
1999-12,combustion,1220
1999-12,bev,1
2000-01,combustion,1025
2000-02,combustion,1146
2000-03,combustion,1306
2000-04,combustion,977
2000-05,combustion,1353
2000-06,combustion,1416
2000-07,combustion,1496
2000-08,combustion,1680
2000-09,combustion,1674
2000-10,combustion,1705
2000-11,combustion,1762
2000-12,combustion,1654
2000-12,bev,1
2001-01,combustion,1921
2001-02,combustion,1848
2001-03,combustion,2319
2001-04,combustion,1945
2001-04,bev,1
2001-05,combustion,2365
2001-06,combustion,2553
2001-07,combustion,2447
2001-08,combustion,2507
2001-09,combustion,2276
2001-10,combustion,2738
2001-10,hybrid,1
2001-11,combustion,2854
2001-12,combustion,2741
2002-01,combustion,2756
2002-01,bev,1
2002-02,combustion,2521
2002-03,combustion,3152
2002-03,hybrid,1
2002-04,combustion,2840
2002-05,combustion,3193
2002-06,combustion,3213
2002-07,combustion,3312
2002-08,combustion,3343
2002-09,combustion,3420
2002-10,combustion,3734
2002-11,combustion,3470
2002-12,combustion,3361
2003-01,combustion,3955
2003-01,bev,1
2003-02,combustion,3721
2003-03,combustion,4050
2003-03,bev,1
2003-04,combustion,3600
2003-05,combustion,4372
2003-05,bev,1
2003-06,combustion,4679
2003-07,combustion,4869
2003-07,bev,1
2003-08,combustion,4390
2003-08,hybrid,1
2003-09,combustion,4958
2003-10,combustion,5170
2003-10,hybrid,5
2003-11,combustion,4362
2003-11,hybrid,5
2003-12,combustion,4679
2003-12,hybrid,1
2004-01,combustion,4692
2004-01,hybrid,3
2004-02,combustion,4527
2004-02,hybrid,6
2004-03,combustion,5413
2004-03,hybrid,13
2004-04,combustion,4697
2004-04,hybrid,10
2004-05,combustion,4872
2004-05,hybrid,8
2004-06,combustion,5487
2004-06,hybrid,12
2004-07,combustion,4981
2004-07,hybrid,10
2004-08,combustion,4773
2004-08,hybrid,9
2004-09,combustion,5183
2004-09,hybrid,12
2004-09,bev,1
2004-10,combustion,5228
2004-10,hybrid,13
2004-11,combustion,5129
2004-11,hybrid,17
2004-12,combustion,4992
2004-12,hybrid,8
2005-01,combustion,4763
2005-01,hybrid,15
2005-02,combustion,5277
2005-02,hybrid,14
2005-03,combustion,5728
2005-03,hybrid,18
2005-04,combustion,5093
2005-04,hybrid,13
2005-05,combustion,5598
2005-05,hybrid,6
2005-06,combustion,6266
2005-06,hybrid,11
2005-07,combustion,5828
2005-07,hybrid,29
2005-08,combustion,6332
2005-08,hybrid,25
2005-09,combustion,6261
2005-09,hybrid,20
2005-10,combustion,6016
2005-10,hybrid,22
2005-11,combustion,5861
2005-11,hybrid,24
2005-12,combustion,5719
2005-12,hybrid,5
2006-01,combustion,5974
2006-01,hybrid,18
2006-01,bev,1
2006-02,combustion,5780
2006-02,hybrid,14
2006-03,combustion,6682
2006-03,hybrid,45
2006-04,combustion,5102
2006-04,hybrid,28
2006-05,combustion,5951
2006-05,hybrid,70
2006-05,bev,2
2006-06,combustion,5678
2006-06,hybrid,32
2006-07,combustion,5572
2006-07,hybrid,20
2006-08,combustion,6022
2006-08,hybrid,35
2006-09,combustion,6281
2006-09,hybrid,32
2006-10,combustion,6587
2006-10,hybrid,22
2006-11,combustion,6035
2006-11,hybrid,29
2006-12,combustion,5582
2006-12,hybrid,22
2007-01,combustion,6635
2007-01,hybrid,37
2007-02,combustion,5881
2007-02,hybrid,57
2007-02,bev,1
2007-03,combustion,6994
2007-03,hybrid,44
2007-04,combustion,5472
2007-04,hybrid,27
2007-05,combustion,6916
2007-05,hybrid,47
2007-05,bev,1
2007-06,combustion,6772
2007-06,hybrid,44
2007-07,combustion,7155
2007-07,hybrid,45
2007-08,combustion,7590
2007-08,hybrid,41
2007-09,combustion,7336
2007-09,hybrid,37
2007-10,combustion,7922
2007-10,hybrid,39
2007-11,combustion,7151
2007-11,hybrid,47
2007-12,combustion,6450
2007-12,hybrid,33
2008-01,combustion,7964
2008-01,hybrid,51
2008-02,combustion,7018
2008-02,hybrid,45
2008-03,combustion,6970
2008-03,hybrid,50
2008-04,combustion,6380
2008-04,hybrid,60
2008-05,combustion,6225
2008-05,hybrid,57
2008-06,combustion,6884
2008-06,hybrid,49
2008-07,combustion,5936
2008-07,hybrid,66
2008-08,combustion,6010
2008-08,hybrid,32
2008-09,combustion,7074
2008-09,hybrid,37
2008-10,combustion,7514
2008-10,hybrid,17
2008-11,combustion,5452
2008-11,hybrid,28
2008-11,bev,1
2008-12,combustion,5807
2008-12,hybrid,24
2009-01,combustion,5514
2009-01,hybrid,32
2009-02,combustion,4186
2009-02,hybrid,28
2009-02,bev,1
2009-03,combustion,5188
2009-03,hybrid,21
2009-04,combustion,4091
2009-04,hybrid,37
2009-05,combustion,4572
2009-05,hybrid,23
2009-06,combustion,4918
2009-06,hybrid,36
2009-07,combustion,5331
2009-07,hybrid,51
2009-08,combustion,5089
2009-08,hybrid,83
2009-09,combustion,6056
2009-09,hybrid,39
2009-10,combustion,6359
2009-10,hybrid,33
2009-11,combustion,5612
2009-11,hybrid,45
2009-12,combustion,5664
2009-12,hybrid,24
2010-01,combustion,6863
2010-01,hybrid,45
2010-02,combustion,5784
2010-02,hybrid,56
2010-02,bev,1
2010-03,combustion,7116
2010-03,hybrid,64
2010-04,combustion,6249
2010-04,hybrid,35
2010-05,combustion,6261
2010-05,hybrid,44
2010-05,bev,1
2010-06,combustion,7391
2010-06,hybrid,43
2010-07,combustion,6458
2010-07,hybrid,48
2010-08,combustion,6558
2010-08,hybrid,73
2010-09,combustion,7778
2010-09,hybrid,84
2010-09,bev,4
2010-10,combustion,7194
2010-10,hybrid,40
2010-11,combustion,7409
2010-11,hybrid,97
2010-11,bev,1
2010-12,combustion,6470
2010-12,hybrid,59
2010-12,bev,1
2011-01,combustion,7729
2011-01,hybrid,58
2011-02,combustion,6468
2011-02,hybrid,65
2011-03,combustion,7673
2011-03,hybrid,94
2011-04,combustion,5781
2011-04,hybrid,53
2011-05,combustion,6401
2011-05,hybrid,41
2011-05,bev,1
2011-06,combustion,6830
2011-06,hybrid,63
2011-06,other_or_unknown,1
2011-07,combustion,6391
2011-07,hybrid,80
2011-07,bev,6
2011-08,combustion,7293
2011-08,hybrid,98
2011-08,bev,3
2011-09,combustion,7098
2011-09,hybrid,80
2011-10,combustion,6969
2011-10,hybrid,61
2011-10,bev,1
2011-11,combustion,7375
2011-11,hybrid,102
2011-11,bev,2
2011-12,combustion,7499
2011-12,hybrid,142
2012-01,combustion,9094
2012-01,hybrid,63
2012-02,combustion,7327
2012-02,hybrid,85
2012-02,bev,1
2012-03,combustion,8284
2012-03,hybrid,167
2012-04,combustion,7331
2012-04,hybrid,169
2012-05,combustion,8255
2012-05,hybrid,138
2012-06,combustion,9245
2012-06,hybrid,85
2012-06,bev,6
2012-07,combustion,8669
2012-07,hybrid,110
2012-08,combustion,8480
2012-08,hybrid,78
2012-08,bev,3
2012-09,combustion,8963
2012-09,hybrid,56
2012-09,bev,1
2012-09,phev,1
2012-10,combustion,9849
2012-10,hybrid,109
2012-10,bev,3
2012-11,combustion,9204
2012-11,hybrid,79
2012-11,phev,4
2012-11,bev,1
2012-12,combustion,8810
2012-12,hybrid,153
2013-01,combustion,10498
2013-01,hybrid,133
2013-02,combustion,8776
2013-02,hybrid,128
2013-03,combustion,10053
2013-03,hybrid,107
2013-03,bev,6
2013-03,phev,1
2013-04,combustion,9204
2013-04,hybrid,94
2013-05,combustion,10275
2013-05,hybrid,112
2013-06,combustion,11090
2013-06,hybrid,98
2013-06,bev,1
2013-06,phev,1
2013-07,combustion,11408
2013-07,hybrid,108
2013-07,bev,1
2013-07,other_or_unknown,1
2013-08,combustion,10809
2013-08,hybrid,130
2013-08,bev,1
2013-09,combustion,10695
2013-09,hybrid,110
2013-09,bev,3
2013-09,phev,1
2013-10,combustion,11733
2013-10,hybrid,117
2013-10,phev,3
2013-10,bev,2
2013-11,combustion,11750
2013-11,hybrid,114
2013-11,bev,5
2013-12,combustion,10955
2013-12,hybrid,95
2013-12,bev,4
2014-01,combustion,13013
2014-01,hybrid,121
2014-01,phev,3
2014-01,bev,1
2014-02,combustion,11260
2014-02,hybrid,106
2014-02,phev,11
2014-03,combustion,13327
2014-03,hybrid,136
2014-03,phev,25
2014-03,bev,6
2014-04,combustion,11131
2014-04,hybrid,93
2014-04,phev,36
2014-04,bev,4
2014-05,combustion,12798
2014-05,hybrid,123
2014-05,phev,25
2014-05,bev,12
2014-06,combustion,14118
2014-06,hybrid,137
2014-06,phev,20
2014-06,bev,4
2014-07,combustion,13634
2014-07,hybrid,124
2014-07,bev,10
2014-07,phev,9
2014-08,combustion,13189
2014-08,hybrid,105
2014-08,bev,11
2014-08,phev,10
2014-09,combustion,14437
2014-09,hybrid,116
2014-09,phev,18
2014-09,bev,5
2014-10,combustion,14880
2014-10,hybrid,143
2014-10,phev,15
2014-10,bev,7
2014-11,combustion,14227
2014-11,hybrid,121
2014-11,bev,15
2014-11,phev,12
2014-12,combustion,13783
2014-12,hybrid,116
2014-12,phev,12
2014-12,bev,9
2015-01,combustion,15857
2015-01,hybrid,200
2015-01,bev,16
2015-01,phev,14
2015-02,combustion,13329
2015-02,hybrid,129
2015-02,bev,17
2015-02,phev,11
2015-03,combustion,15249
2015-03,hybrid,146
2015-03,phev,39
2015-03,bev,10
2015-04,combustion,12947
2015-04,hybrid,152
2015-04,bev,18
2015-04,phev,11
2015-05,combustion,14314
2015-05,hybrid,130
2015-05,bev,11
2015-05,phev,10
2015-06,combustion,16314
2015-06,hybrid,199
2015-06,phev,18
2015-06,bev,15
2015-07,combustion,15550
2015-07,hybrid,216
2015-07,bev,20
2015-07,phev,17
2015-08,combustion,14924
2015-08,hybrid,148
2015-08,phev,16
2015-08,bev,12
2015-09,combustion,15666
2015-09,hybrid,178
2015-09,phev,22
2015-09,bev,18
2015-10,combustion,15911
2015-10,hybrid,188
2015-10,bev,16
2015-10,phev,9
2015-11,combustion,14889
2015-11,hybrid,197
2015-11,bev,20
2015-11,phev,14
2015-12,combustion,14483
2015-12,hybrid,209
2015-12,bev,33
2015-12,phev,7
2016-01,combustion,15725
2016-01,hybrid,217
2016-01,bev,35
2016-01,phev,12
2016-02,combustion,14246
2016-02,hybrid,189
2016-02,bev,18
2016-02,phev,14
2016-03,combustion,15379
2016-03,hybrid,257
2016-03,bev,35
2016-03,phev,23
2016-04,combustion,14132
2016-04,hybrid,216
2016-04,bev,42
2016-04,phev,33
2016-05,combustion,15119
2016-05,hybrid,242
2016-05,bev,46
2016-05,phev,23
2016-06,combustion,16259
2016-06,hybrid,293
2016-06,bev,47
2016-06,phev,30
2016-07,combustion,15596
2016-07,hybrid,321
2016-07,bev,65
2016-07,phev,30
2016-08,combustion,16743
2016-08,hybrid,309
2016-08,bev,57
2016-08,phev,41
2016-09,combustion,17289
2016-09,hybrid,349
2016-09,bev,50
2016-09,phev,31
2016-10,combustion,18331
2016-10,hybrid,276
2016-10,bev,86
2016-10,phev,37
2016-11,combustion,17382
2016-11,hybrid,364
2016-11,bev,79
2016-11,phev,29
2016-12,combustion,16211
2016-12,hybrid,298
2016-12,bev,69
2016-12,phev,22
2017-01,combustion,18203
2017-01,hybrid,419
2017-01,bev,99
2017-01,phev,25
2017-02,combustion,15665
2017-02,hybrid,381
2017-02,bev,122
2017-02,phev,28
2017-03,combustion,18250
2017-03,hybrid,538
2017-03,bev,129
2017-03,phev,55
2017-04,combustion,15063
2017-04,hybrid,391
2017-04,bev,125
2017-04,phev,36
2017-05,combustion,17619
2017-05,hybrid,456
2017-05,bev,172
2017-05,phev,52
2017-06,combustion,18687
2017-06,hybrid,345
2017-06,bev,197
2017-06,phev,69
2017-07,combustion,17181
2017-07,hybrid,296
2017-07,bev,189
2017-07,phev,45
2017-08,combustion,18101
2017-08,hybrid,382
2017-08,bev,225
2017-08,phev,63
2017-09,combustion,18691
2017-09,hybrid,348
2017-09,bev,226
2017-09,phev,52
2017-10,combustion,20183
2017-10,hybrid,469
2017-10,bev,321
2017-10,phev,50
2017-11,combustion,19951
2017-11,hybrid,483
2017-11,bev,351
2017-11,phev,69
2017-12,combustion,17191
2017-12,hybrid,564
2017-12,bev,235
2017-12,phev,71
2018-01,combustion,19794
2018-01,hybrid,519
2018-01,bev,292
2018-01,phev,62
2018-02,combustion,15412
2018-02,hybrid,440
2018-02,bev,174
2018-02,phev,70
2018-03,combustion,16676
2018-03,hybrid,568
2018-03,bev,199
2018-03,phev,84
2018-04,combustion,13905
2018-04,hybrid,580
2018-04,bev,260
2018-04,phev,72
2018-05,combustion,17795
2018-05,hybrid,717
2018-05,bev,382
2018-05,phev,130
2018-06,combustion,17926
2018-06,hybrid,668
2018-06,bev,358
2018-06,phev,94
2018-07,combustion,17132
2018-07,hybrid,790
2018-07,bev,358
2018-07,phev,135
2018-08,combustion,17312
2018-08,hybrid,783
2018-08,bev,347
2018-08,phev,115
2018-09,combustion,16725
2018-09,hybrid,677
2018-09,bev,359
2018-09,phev,106
2018-10,combustion,19218
2018-10,hybrid,903
2018-10,bev,469
2018-10,phev,106
2018-11,combustion,16522
2018-11,hybrid,868
2018-11,bev,352
2018-11,phev,106
2018-12,combustion,14914
2018-12,hybrid,839
2018-12,bev,271
2018-12,phev,61
2019-01,combustion,17439
2019-01,hybrid,956
2019-01,bev,332
2019-01,phev,97
2019-02,combustion,14800
2019-02,hybrid,870
2019-02,bev,330
2019-02,phev,155
2019-03,combustion,16084
2019-03,hybrid,949
2019-03,bev,320
2019-03,phev,116
2019-04,combustion,13419
2019-04,hybrid,1252
2019-04,bev,340
2019-04,phev,91
2019-05,combustion,15238
2019-05,hybrid,1356
2019-05,bev,369
2019-05,phev,151
2019-06,combustion,15675
2019-06,hybrid,1223
2019-06,bev,478
2019-06,phev,126
2019-07,combustion,15894
2019-07,hybrid,1493
2019-07,bev,385
2019-07,phev,132
2019-08,combustion,16224
2019-08,hybrid,1508
2019-08,bev,419
2019-08,phev,137
2019-09,combustion,17006
2019-09,hybrid,1524
2019-09,bev,757
2019-09,phev,182
2019-10,combustion,17485
2019-10,hybrid,1824
2019-10,bev,402
2019-10,phev,150
2019-11,combustion,16577
2019-11,hybrid,1680
2019-11,bev,381
2019-11,phev,144
2019-12,combustion,15164
2019-12,hybrid,1792
2019-12,bev,377
2019-12,phev,97
2020-01,combustion,16264
2020-01,hybrid,1920
2020-01,bev,399
2020-01,phev,158
2020-02,combustion,14297
2020-02,hybrid,1740
2020-02,bev,357
2020-02,phev,167
2020-03,combustion,10428
2020-03,hybrid,1500
2020-03,bev,332
2020-03,phev,108
2020-04,combustion,1077
2020-04,hybrid,80
2020-04,bev,25
2020-04,phev,4
2020-05,combustion,11285
2020-05,hybrid,1629
2020-05,bev,196
2020-05,phev,100
2020-06,combustion,15022
2020-06,hybrid,1836
2020-06,bev,329
2020-06,phev,108
2020-07,combustion,15281
2020-07,hybrid,2455
2020-07,bev,305
2020-07,phev,148
2020-08,combustion,12077
2020-08,hybrid,2141
2020-08,bev,305
2020-08,phev,134
2020-09,combustion,13538
2020-09,hybrid,2240
2020-09,bev,455
2020-09,phev,124
2020-10,combustion,13871
2020-10,hybrid,2196
2020-10,bev,276
2020-10,phev,133
2020-11,combustion,12959
2020-11,hybrid,2544
2020-11,bev,382
2020-11,phev,149
2020-12,combustion,10799
2020-12,hybrid,2157
2020-12,bev,353
2020-12,phev,104
2021-01,combustion,14333
2021-01,hybrid,2674
2021-01,bev,456
2021-01,phev,139
2021-01,other_or_unknown,1
2021-02,combustion,13567
2021-02,hybrid,2401
2021-02,bev,350
2021-02,phev,140
2021-03,combustion,15720
2021-03,hybrid,2855
2021-03,bev,663
2021-03,phev,209
2021-04,combustion,13992
2021-04,hybrid,2832
2021-04,bev,385
2021-04,phev,182
2021-05,combustion,15741
2021-05,hybrid,3201
2021-05,bev,470
2021-05,phev,190
2021-06,combustion,16227
2021-06,hybrid,3196
2021-06,bev,400
2021-06,phev,89
2021-07,combustion,15901
2021-07,hybrid,3557
2021-07,bev,1238
2021-07,phev,621
2021-08,combustion,8024
2021-08,hybrid,2177
2021-08,bev,475
2021-08,phev,153
2021-09,combustion,13468
2021-09,hybrid,2652
2021-09,bev,1608
2021-09,phev,604
2021-10,combustion,14059
2021-10,hybrid,3455
2021-10,bev,705
2021-10,phev,307
2021-11,combustion,15720
2021-11,hybrid,3671
2021-11,bev,1157
2021-11,phev,542
2021-12,combustion,11686
2021-12,hybrid,3186
2021-12,bev,1302
2021-12,phev,267
2022-01,combustion,14068
2022-01,hybrid,2883
2022-01,bev,650
2022-01,phev,291
2022-02,combustion,12834
2022-02,hybrid,2940
2022-02,bev,974
2022-02,phev,481
2022-03,combustion,27729
2022-03,hybrid,2285
2022-03,bev,2194
2022-03,phev,606
2022-04,combustion,7226
2022-04,hybrid,5102
2022-04,phev,1198
2022-04,bev,835
2022-05,combustion,10490
2022-05,hybrid,4293
2022-05,bev,986
2022-05,phev,896
2022-06,combustion,10267
2022-06,hybrid,4137
2022-06,phev,923
2022-06,bev,855
2022-07,combustion,8641
2022-07,hybrid,5113
2022-07,bev,906
2022-07,phev,839
2022-08,combustion,9852
2022-08,hybrid,4638
2022-08,bev,2791
2022-08,phev,786
2022-09,combustion,9562
2022-09,hybrid,4424
2022-09,bev,2540
2022-09,phev,637
2022-10,combustion,9819
2022-10,hybrid,5085
2022-10,bev,1268
2022-10,phev,1088
2022-11,combustion,9738
2022-11,hybrid,4446
2022-11,bev,2671
2022-11,phev,716
2022-12,combustion,7995
2022-12,hybrid,3978
2022-12,bev,2345
2022-12,phev,538
2023-01,combustion,8737
2023-01,hybrid,5026
2023-01,bev,1384
2023-01,phev,623
2023-02,combustion,7503
2023-02,hybrid,4542
2023-02,bev,899
2023-02,phev,489
2023-03,combustion,9931
2023-03,hybrid,6804
2023-03,bev,2927
2023-03,phev,725
2023-04,combustion,6999
2023-04,hybrid,5422
2023-04,bev,1247
2023-04,phev,743
2023-05,combustion,9153
2023-05,hybrid,6929
2023-05,bev,1451
2023-05,phev,937
2023-06,combustion,17875
2023-06,hybrid,10641
2023-06,bev,2859
2023-06,phev,1523
2023-07,hybrid,4766
2023-07,combustion,4065
2023-07,bev,1037
2023-07,phev,562
2023-08,hybrid,7098
2023-08,combustion,5934
2023-08,bev,1225
2023-08,phev,970
2023-09,hybrid,6923
2023-09,combustion,6136
2023-09,bev,2478
2023-09,phev,972
2023-10,hybrid,8117
2023-10,combustion,7304
2023-10,bev,2506
2023-10,phev,1144
2023-11,hybrid,8641
2023-11,combustion,7426
2023-11,bev,3062
2023-11,phev,1456
2023-12,hybrid,10440
2023-12,combustion,4406
2023-12,bev,4289
2023-12,phev,1591
2024-01,combustion,9879
2024-01,hybrid,6144
2024-01,phev,302
2024-01,bev,278
2024-01,other_or_unknown,1
2024-02,combustion,7849
2024-02,hybrid,5794
2024-02,bev,448
2024-02,phev,267
2024-03,combustion,8414
2024-03,hybrid,6747
2024-03,bev,577
2024-03,phev,350
2024-04,combustion,7479
2024-04,hybrid,6324
2024-04,bev,356
2024-04,phev,295
2024-05,combustion,8132
2024-05,hybrid,5992
2024-05,bev,451
2024-05,phev,275
2024-06,combustion,7245
2024-06,hybrid,5390
2024-06,bev,600
2024-06,phev,316
2024-07,combustion,8196
2024-07,hybrid,5872
2024-07,bev,614
2024-07,phev,326
2024-07,other_or_unknown,1
2024-08,combustion,7779
2024-08,hybrid,5890
2024-08,bev,652
2024-08,phev,316
2024-09,combustion,7783
2024-09,hybrid,6283
2024-09,bev,933
2024-09,phev,490
2024-10,combustion,8882
2024-10,hybrid,6538
2024-10,bev,714
2024-10,phev,395
2024-11,combustion,7362
2024-11,hybrid,7109
2024-11,bev,763
2024-11,phev,394
2024-12,combustion,6555
2024-12,hybrid,5871
2024-12,bev,955
2024-12,phev,743
2025-01,combustion,8104
2025-01,hybrid,6081
2025-01,bev,690
2025-01,phev,340
2025-02,combustion,6776
2025-02,hybrid,5634
2025-02,bev,659
2025-02,phev,552
2025-03,combustion,7827
2025-03,hybrid,6599
2025-03,bev,717
2025-03,phev,355
2025-04,combustion,6275
2025-04,hybrid,5297
2025-04,bev,570
2025-04,phev,236
2025-05,combustion,7052
2025-05,hybrid,5918
2025-05,bev,594
2025-05,phev,361
2025-06,combustion,7050
2025-06,hybrid,6181
2025-06,bev,1139
2025-06,phev,532
2025-07,combustion,7305
2025-07,hybrid,7024
2025-07,bev,705
2025-07,phev,507
2025-08,combustion,7419
2025-08,hybrid,7014
2025-08,bev,541
2025-08,phev,470
2025-09,combustion,8465
2025-09,hybrid,7674
2025-09,bev,733
2025-09,phev,442
2025-10,hybrid,8337
2025-10,combustion,8089
2025-10,bev,657
2025-10,phev,561
2025-11,hybrid,7848
2025-11,combustion,7755
2025-11,bev,808
2025-11,phev,522
2025-12,hybrid,6226
2025-12,combustion,5553
2025-12,bev,746
2025-12,phev,491
2026-01,combustion,7852
2026-01,hybrid,7064
2026-01,bev,924
2026-01,phev,691
2026-02,combustion,7026
2026-02,hybrid,5591
2026-02,bev,831
2026-02,phev,615
2026-03,hybrid,7374
2026-03,combustion,6757
2026-03,bev,2880
2026-03,phev,1210
2026-04,hybrid,6543
2026-04,combustion,5137
2026-04,bev,1246
2026-04,phev,946
2026-05,hybrid,6296
2026-05,combustion,6250
2026-05,bev,1858
2026-05,phev,917
2026-06,combustion,6657
2026-06,hybrid,6635
2026-06,bev,2996
2026-06,phev,1238
