registration_month,import_status_group,registration_count
1901-01,other_or_unknown,2
1901-05,other_or_unknown,1
1902-01,other_or_unknown,1
1903-01,other_or_unknown,5
1903-05,other_or_unknown,1
1903-09,other_or_unknown,1
1904-01,other_or_unknown,6
1904-04,other_or_unknown,1
1904-11,other_or_unknown,1
1905-01,other_or_unknown,3
1905-05,other_or_unknown,1
1906-01,other_or_unknown,4
1906-02,other_or_unknown,2
1906-08,other_or_unknown,1
1906-09,other_or_unknown,1
1907-01,other_or_unknown,4
1907-05,other_or_unknown,1
1908-01,other_or_unknown,4
1908-11,other_or_unknown,1
1908-12,other_or_unknown,1
1909-01,other_or_unknown,7
1909-05,other_or_unknown,1
1909-07,other_or_unknown,1
1909-12,other_or_unknown,1
1910-01,other_or_unknown,2
1910-11,other_or_unknown,1
1911-01,other_or_unknown,10
1911-05,other_or_unknown,1
1911-11,other_or_unknown,1
1912-01,other_or_unknown,10
1912-06,other_or_unknown,2
1913-01,other_or_unknown,17
1913-05,other_or_unknown,1
1913-06,other_or_unknown,1
1914-01,other_or_unknown,13
1914-04,other_or_unknown,2
1914-05,other_or_unknown,1
1914-06,other_or_unknown,3
1914-07,other_or_unknown,1
1914-10,other_or_unknown,1
1914-11,other_or_unknown,1
1915-01,other_or_unknown,14
1915-03,other_or_unknown,2
1915-04,other_or_unknown,1
1915-07,other_or_unknown,1
1915-11,other_or_unknown,1
1916-01,other_or_unknown,4
1917-01,other_or_unknown,4
1917-05,other_or_unknown,1
1917-06,other_or_unknown,4
1917-07,other_or_unknown,1
1917-09,other_or_unknown,1
1918-01,other_or_unknown,7
1918-03,other_or_unknown,2
1918-04,other_or_unknown,1
1918-05,other_or_unknown,1
1918-09,other_or_unknown,1
1918-12,other_or_unknown,2
1919-01,other_or_unknown,4
1919-06,other_or_unknown,2
1920-01,other_or_unknown,5
1920-06,other_or_unknown,2
1920-07,other_or_unknown,1
1920-10,other_or_unknown,1
1920-12,other_or_unknown,1
1921-01,other_or_unknown,2
1922-01,other_or_unknown,10
1922-06,other_or_unknown,1
1923-01,other_or_unknown,25
1923-03,other_or_unknown,2
1923-04,other_or_unknown,1
1923-05,other_or_unknown,4
1923-06,other_or_unknown,3
1923-07,other_or_unknown,2
1923-09,other_or_unknown,1
1923-11,other_or_unknown,1
1923-12,other_or_unknown,2
1924-01,other_or_unknown,27
1924-02,other_or_unknown,1
1924-04,other_or_unknown,1
1924-05,other_or_unknown,1
1924-06,other_or_unknown,3
1924-08,other_or_unknown,2
1924-12,other_or_unknown,2
1925-01,other_or_unknown,37
1925-02,other_or_unknown,4
1925-03,other_or_unknown,5
1925-04,other_or_unknown,2
1925-05,other_or_unknown,8
1925-06,other_or_unknown,5
1925-11,other_or_unknown,3
1925-12,other_or_unknown,3
1926-01,other_or_unknown,43
1926-02,other_or_unknown,2
1926-03,other_or_unknown,3
1926-04,other_or_unknown,5
1926-05,other_or_unknown,2
1926-06,other_or_unknown,5
1926-07,other_or_unknown,1
1926-08,other_or_unknown,2
1926-09,other_or_unknown,2
1926-10,other_or_unknown,3
1926-11,other_or_unknown,3
1926-12,other_or_unknown,3
1927-01,other_or_unknown,39
1927-02,other_or_unknown,6
1927-03,other_or_unknown,3
1927-04,other_or_unknown,1
1927-05,other_or_unknown,6
1927-06,other_or_unknown,6
1927-07,other_or_unknown,1
1927-08,other_or_unknown,2
1927-09,other_or_unknown,2
1927-11,other_or_unknown,3
1927-12,other_or_unknown,4
1928-01,other_or_unknown,98
1928-02,other_or_unknown,4
1928-03,other_or_unknown,4
1928-04,nz_new,1
1928-04,other_or_unknown,1
1928-05,other_or_unknown,5
1928-06,other_or_unknown,14
1928-07,other_or_unknown,3
1928-08,other_or_unknown,13
1928-09,other_or_unknown,7
1928-10,other_or_unknown,4
1928-11,other_or_unknown,8
1928-12,other_or_unknown,7
1929-01,other_or_unknown,95
1929-02,other_or_unknown,3
1929-03,other_or_unknown,7
1929-03,nz_new,1
1929-04,other_or_unknown,3
1929-05,other_or_unknown,6
1929-06,other_or_unknown,13
1929-07,other_or_unknown,3
1929-08,other_or_unknown,4
1929-09,other_or_unknown,8
1929-09,nz_new,1
1929-10,other_or_unknown,5
1929-10,nz_new,1
1929-11,other_or_unknown,7
1929-12,other_or_unknown,5
1929-12,nz_new,1
1930-01,other_or_unknown,130
1930-01,nz_new,1
1930-02,other_or_unknown,10
1930-03,other_or_unknown,13
1930-04,other_or_unknown,11
1930-04,nz_new,1
1930-05,other_or_unknown,11
1930-06,other_or_unknown,20
1930-07,other_or_unknown,6
1930-08,other_or_unknown,4
1930-09,other_or_unknown,7
1930-09,nz_new,2
1930-10,other_or_unknown,6
1930-11,other_or_unknown,5
1930-12,other_or_unknown,4
1931-01,other_or_unknown,40
1931-02,other_or_unknown,7
1931-03,other_or_unknown,4
1931-04,other_or_unknown,2
1931-04,nz_new,1
1931-05,other_or_unknown,5
1931-06,other_or_unknown,2
1931-07,other_or_unknown,3
1931-08,other_or_unknown,5
1931-09,other_or_unknown,2
1931-10,other_or_unknown,2
1931-11,other_or_unknown,2
1931-12,other_or_unknown,3
1932-01,other_or_unknown,28
1932-02,other_or_unknown,1
1932-03,other_or_unknown,1
1932-04,other_or_unknown,2
1932-06,other_or_unknown,6
1932-07,other_or_unknown,3
1932-08,other_or_unknown,1
1932-09,other_or_unknown,1
1932-10,other_or_unknown,1
1932-11,other_or_unknown,2
1932-12,other_or_unknown,3
1933-01,other_or_unknown,13
1933-02,other_or_unknown,2
1933-03,other_or_unknown,2
1933-04,other_or_unknown,1
1933-05,other_or_unknown,1
1933-06,other_or_unknown,4
1933-07,other_or_unknown,1
1933-09,other_or_unknown,1
1933-11,other_or_unknown,2
1933-12,other_or_unknown,1
1934-01,other_or_unknown,63
1934-02,other_or_unknown,1
1934-03,other_or_unknown,4
1934-04,other_or_unknown,4
1934-05,other_or_unknown,5
1934-06,other_or_unknown,10
1934-06,nz_new,1
1934-07,other_or_unknown,4
1934-07,nz_new,1
1934-08,other_or_unknown,6
1934-09,other_or_unknown,2
1934-10,other_or_unknown,4
1934-11,other_or_unknown,3
1934-12,other_or_unknown,8
1934-12,nz_new,1
1935-01,other_or_unknown,53
1935-01,nz_new,1
1935-02,other_or_unknown,1
1935-04,other_or_unknown,5
1935-05,other_or_unknown,5
1935-06,other_or_unknown,8
1935-07,other_or_unknown,5
1935-08,other_or_unknown,5
1935-09,other_or_unknown,3
1935-09,nz_new,1
1935-10,other_or_unknown,8
1935-10,nz_new,1
1935-11,other_or_unknown,7
1935-11,nz_new,2
1935-12,other_or_unknown,3
1936-01,other_or_unknown,73
1936-02,other_or_unknown,5
1936-03,other_or_unknown,5
1936-04,other_or_unknown,7
1936-05,other_or_unknown,3
1936-06,other_or_unknown,11
1936-07,other_or_unknown,3
1936-08,other_or_unknown,7
1936-09,other_or_unknown,6
1936-10,other_or_unknown,7
1936-11,other_or_unknown,9
1936-12,other_or_unknown,7
1936-12,nz_new,1
1937-01,other_or_unknown,108
1937-02,other_or_unknown,14
1937-02,nz_new,1
1937-03,other_or_unknown,12
1937-04,other_or_unknown,10
1937-05,other_or_unknown,14
1937-06,other_or_unknown,21
1937-06,nz_new,1
1937-07,other_or_unknown,10
1937-08,other_or_unknown,8
1937-09,other_or_unknown,8
1937-10,other_or_unknown,12
1937-11,other_or_unknown,11
1937-11,nz_new,1
1937-12,other_or_unknown,8
1937-12,nz_new,2
1938-01,other_or_unknown,110
1938-02,other_or_unknown,11
1938-02,nz_new,1
1938-03,other_or_unknown,15
1938-03,nz_new,1
1938-04,other_or_unknown,8
1938-04,nz_new,1
1938-05,other_or_unknown,8
1938-06,other_or_unknown,13
1938-07,other_or_unknown,8
1938-07,nz_new,1
1938-08,other_or_unknown,10
1938-08,nz_new,1
1938-09,other_or_unknown,2
1938-10,other_or_unknown,8
1938-10,nz_new,2
1938-11,other_or_unknown,8
1938-12,other_or_unknown,14
1938-12,nz_new,2
1939-01,other_or_unknown,97
1939-01,nz_new,1
1939-02,other_or_unknown,11
1939-03,other_or_unknown,16
1939-03,nz_new,2
1939-04,other_or_unknown,15
1939-05,other_or_unknown,11
1939-05,nz_new,1
1939-06,other_or_unknown,21
1939-07,other_or_unknown,7
1939-07,nz_new,1
1939-08,other_or_unknown,6
1939-09,other_or_unknown,6
1939-10,other_or_unknown,6
1939-10,nz_new,1
1939-11,nz_new,3
1939-11,other_or_unknown,3
1939-12,other_or_unknown,4
1940-01,other_or_unknown,11
1940-02,other_or_unknown,3
1940-03,other_or_unknown,5
1940-04,other_or_unknown,3
1940-06,other_or_unknown,2
1940-07,other_or_unknown,1
1940-09,other_or_unknown,2
1940-10,other_or_unknown,1
1940-11,other_or_unknown,1
1940-12,other_or_unknown,2
1941-01,other_or_unknown,6
1941-03,other_or_unknown,1
1941-06,other_or_unknown,1
1941-07,other_or_unknown,1
1942-01,other_or_unknown,15
1942-02,other_or_unknown,2
1942-05,other_or_unknown,3
1942-07,other_or_unknown,2
1942-11,other_or_unknown,1
1943-01,other_or_unknown,5
1943-02,other_or_unknown,1
1943-03,other_or_unknown,1
1943-05,other_or_unknown,1
1943-07,other_or_unknown,2
1943-10,other_or_unknown,2
1943-12,other_or_unknown,3
1944-01,other_or_unknown,2
1944-03,other_or_unknown,2
1944-04,other_or_unknown,1
1944-06,other_or_unknown,1
1944-07,other_or_unknown,1
1944-09,other_or_unknown,1
1944-11,other_or_unknown,1
1945-01,other_or_unknown,4
1945-06,other_or_unknown,1
1945-07,other_or_unknown,1
1945-08,other_or_unknown,1
1945-09,other_or_unknown,1
1945-11,other_or_unknown,2
1945-12,other_or_unknown,1
1946-01,other_or_unknown,37
1946-02,other_or_unknown,2
1946-03,other_or_unknown,1
1946-04,other_or_unknown,1
1946-05,other_or_unknown,3
1946-06,other_or_unknown,3
1946-08,other_or_unknown,4
1946-09,other_or_unknown,2
1946-10,other_or_unknown,3
1946-11,other_or_unknown,4
1946-12,other_or_unknown,5
1947-01,other_or_unknown,36
1947-02,other_or_unknown,6
1947-03,other_or_unknown,4
1947-04,other_or_unknown,5
1947-05,other_or_unknown,1
1947-06,other_or_unknown,7
1947-07,other_or_unknown,2
1947-08,other_or_unknown,4
1947-09,other_or_unknown,6
1947-10,other_or_unknown,8
1947-10,nz_new,1
1947-11,other_or_unknown,6
1947-11,nz_new,1
1947-12,other_or_unknown,3
1948-01,other_or_unknown,44
1948-02,other_or_unknown,4
1948-03,other_or_unknown,6
1948-03,nz_new,1
1948-04,other_or_unknown,6
1948-05,other_or_unknown,4
1948-06,other_or_unknown,7
1948-07,other_or_unknown,6
1948-07,nz_new,2
1948-08,other_or_unknown,2
1948-09,other_or_unknown,3
1948-10,other_or_unknown,5
1948-11,other_or_unknown,5
1948-12,other_or_unknown,2
1949-01,other_or_unknown,36
1949-02,other_or_unknown,1
1949-03,other_or_unknown,5
1949-04,other_or_unknown,2
1949-05,other_or_unknown,3
1949-06,other_or_unknown,4
1949-07,other_or_unknown,3
1949-07,nz_new,1
1949-08,other_or_unknown,3
1949-08,nz_new,1
1949-09,other_or_unknown,3
1949-10,other_or_unknown,4
1949-11,other_or_unknown,1
1949-12,other_or_unknown,1
1950-01,other_or_unknown,29
1950-02,other_or_unknown,2
1950-03,other_or_unknown,3
1950-04,other_or_unknown,1
1950-05,other_or_unknown,3
1950-06,other_or_unknown,6
1950-07,other_or_unknown,1
1950-08,other_or_unknown,4
1950-08,nz_new,1
1950-09,other_or_unknown,4
1950-10,other_or_unknown,3
1950-10,nz_new,1
1950-11,other_or_unknown,7
1950-12,other_or_unknown,5
1951-01,other_or_unknown,60
1951-02,other_or_unknown,3
1951-03,other_or_unknown,3
1951-04,other_or_unknown,4
1951-05,other_or_unknown,12
1951-06,other_or_unknown,8
1951-06,nz_new,1
1951-07,other_or_unknown,8
1951-08,other_or_unknown,2
1951-08,nz_new,1
1951-09,other_or_unknown,8
1951-10,other_or_unknown,10
1951-11,other_or_unknown,11
1951-12,other_or_unknown,7
1952-01,other_or_unknown,92
1952-01,nz_new,1
1952-02,other_or_unknown,14
1952-02,nz_new,1
1952-03,other_or_unknown,8
1952-04,other_or_unknown,14
1952-04,nz_new,1
1952-05,other_or_unknown,10
1952-05,nz_new,1
1952-06,other_or_unknown,9
1952-07,other_or_unknown,7
1952-08,other_or_unknown,9
1952-08,nz_new,1
1952-09,other_or_unknown,5
1952-10,other_or_unknown,6
1952-11,other_or_unknown,4
1952-12,other_or_unknown,6
1953-01,other_or_unknown,45
1953-01,nz_new,1
1953-02,other_or_unknown,5
1953-03,nz_new,2
1953-03,other_or_unknown,2
1953-04,other_or_unknown,3
1953-05,other_or_unknown,2
1953-06,other_or_unknown,7
1953-07,other_or_unknown,3
1953-07,nz_new,1
1953-08,other_or_unknown,5
1953-09,other_or_unknown,6
1953-09,nz_new,1
1953-10,other_or_unknown,8
1953-10,nz_new,1
1953-11,other_or_unknown,7
1953-12,other_or_unknown,6
1954-01,other_or_unknown,99
1954-01,nz_new,2
1954-02,other_or_unknown,4
1954-03,other_or_unknown,8
1954-04,other_or_unknown,5
1954-04,nz_new,1
1954-05,other_or_unknown,11
1954-06,other_or_unknown,13
1954-06,nz_new,2
1954-07,other_or_unknown,7
1954-07,nz_new,1
1954-08,other_or_unknown,4
1954-09,other_or_unknown,11
1954-10,other_or_unknown,18
1954-11,other_or_unknown,23
1954-11,nz_new,2
1954-12,other_or_unknown,17
1954-12,nz_new,1
1955-01,other_or_unknown,112
1955-01,nz_new,1
1955-02,other_or_unknown,12
1955-03,other_or_unknown,16
1955-04,other_or_unknown,14
1955-05,other_or_unknown,23
1955-06,other_or_unknown,14
1955-06,nz_new,1
1955-07,other_or_unknown,12
1955-08,other_or_unknown,9
1955-09,other_or_unknown,14
1955-10,other_or_unknown,12
1955-10,nz_new,1
1955-11,other_or_unknown,15
1955-11,nz_new,1
1955-12,other_or_unknown,27
1955-12,nz_new,1
1956-01,other_or_unknown,71
1956-01,nz_new,2
1956-02,other_or_unknown,17
1956-03,other_or_unknown,13
1956-03,nz_new,1
1956-04,other_or_unknown,13
1956-04,nz_new,1
1956-05,other_or_unknown,11
1956-06,other_or_unknown,14
1956-06,nz_new,1
1956-07,other_or_unknown,9
1956-08,other_or_unknown,11
1956-09,other_or_unknown,12
1956-10,other_or_unknown,16
1956-11,other_or_unknown,22
1956-12,other_or_unknown,12
1956-12,nz_new,1
1957-01,other_or_unknown,90
1957-02,other_or_unknown,8
1957-02,nz_new,1
1957-03,other_or_unknown,15
1957-03,nz_new,1
1957-04,other_or_unknown,15
1957-05,other_or_unknown,19
1957-05,nz_new,1
1957-06,other_or_unknown,25
1957-06,nz_new,2
1957-07,other_or_unknown,22
1957-08,other_or_unknown,12
1957-08,nz_new,1
1957-09,other_or_unknown,13
1957-10,other_or_unknown,10
1957-10,nz_new,1
1957-11,other_or_unknown,9
1957-12,other_or_unknown,18
1958-01,other_or_unknown,78
1958-02,other_or_unknown,11
1958-02,nz_new,1
1958-03,other_or_unknown,6
1958-03,nz_new,1
1958-04,other_or_unknown,11
1958-05,other_or_unknown,15
1958-06,other_or_unknown,7
1958-07,other_or_unknown,7
1958-07,nz_new,2
1958-08,other_or_unknown,7
1958-09,other_or_unknown,3
1958-09,nz_new,1
1958-10,other_or_unknown,11
1958-11,other_or_unknown,7
1958-11,nz_new,1
1958-12,other_or_unknown,15
1958-12,nz_new,3
1959-01,other_or_unknown,45
1959-01,nz_new,2
1959-02,other_or_unknown,3
1959-03,other_or_unknown,10
1959-04,other_or_unknown,5
1959-05,other_or_unknown,5
1959-06,other_or_unknown,6
1959-06,nz_new,2
1959-07,other_or_unknown,9
1959-07,nz_new,1
1959-08,other_or_unknown,11
1959-09,other_or_unknown,10
1959-10,other_or_unknown,6
1959-11,other_or_unknown,11
1959-11,nz_new,1
1959-12,other_or_unknown,18
1959-12,nz_new,1
1960-01,other_or_unknown,60
1960-01,nz_new,1
1960-02,other_or_unknown,4
1960-03,other_or_unknown,5
1960-04,other_or_unknown,10
1960-04,nz_new,1
1960-05,other_or_unknown,9
1960-05,nz_new,1
1960-06,other_or_unknown,13
1960-06,nz_new,2
1960-07,other_or_unknown,14
1960-08,other_or_unknown,11
1960-08,nz_new,2
1960-09,other_or_unknown,11
1960-09,nz_new,1
1960-10,other_or_unknown,15
1960-10,nz_new,1
1960-11,other_or_unknown,11
1960-11,nz_new,1
1960-12,other_or_unknown,8
1960-12,nz_new,2
1961-01,other_or_unknown,80
1961-01,nz_new,2
1961-02,other_or_unknown,13
1961-02,nz_new,2
1961-03,other_or_unknown,12
1961-03,nz_new,1
1961-04,other_or_unknown,16
1961-04,nz_new,2
1961-05,other_or_unknown,18
1961-05,nz_new,2
1961-06,other_or_unknown,15
1961-07,other_or_unknown,9
1961-07,nz_new,1
1961-08,other_or_unknown,21
1961-09,other_or_unknown,16
1961-09,nz_new,2
1961-10,other_or_unknown,17
1961-11,other_or_unknown,13
1961-11,nz_new,1
1961-12,other_or_unknown,17
1961-12,nz_new,1
1962-01,other_or_unknown,87
1962-02,other_or_unknown,16
1962-02,nz_new,1
1962-03,other_or_unknown,12
1962-04,other_or_unknown,20
1962-05,other_or_unknown,21
1962-06,other_or_unknown,14
1962-06,nz_new,2
1962-07,other_or_unknown,22
1962-07,nz_new,1
1962-08,other_or_unknown,18
1962-08,nz_new,2
1962-09,other_or_unknown,17
1962-09,nz_new,1
1962-10,other_or_unknown,20
1962-11,other_or_unknown,36
1962-11,nz_new,1
1962-12,other_or_unknown,29
1963-01,other_or_unknown,108
1963-02,other_or_unknown,14
1963-03,other_or_unknown,17
1963-04,other_or_unknown,11
1963-05,other_or_unknown,22
1963-06,other_or_unknown,21
1963-07,other_or_unknown,20
1963-07,nz_new,2
1963-08,other_or_unknown,28
1963-08,nz_new,2
1963-09,other_or_unknown,13
1963-09,nz_new,1
1963-10,other_or_unknown,35
1963-10,nz_new,2
1963-11,other_or_unknown,42
1963-11,nz_new,3
1963-12,other_or_unknown,41
1963-12,nz_new,2
1964-01,other_or_unknown,166
1964-01,nz_new,1
1964-02,other_or_unknown,26
1964-03,other_or_unknown,33
1964-03,nz_new,1
1964-04,other_or_unknown,20
1964-04,nz_new,2
1964-05,other_or_unknown,35
1964-06,other_or_unknown,34
1964-06,nz_new,6
1964-07,other_or_unknown,30
1964-07,nz_new,2
1964-08,other_or_unknown,27
1964-08,nz_new,3
1964-09,other_or_unknown,41
1964-09,nz_new,1
1964-10,other_or_unknown,29
1964-10,nz_new,3
1964-10,used_import,1
1964-11,other_or_unknown,41
1964-11,nz_new,3
1964-12,other_or_unknown,30
1964-12,nz_new,1
1965-01,other_or_unknown,123
1965-01,nz_new,5
1965-02,other_or_unknown,29
1965-02,nz_new,2
1965-03,other_or_unknown,28
1965-03,nz_new,1
1965-04,other_or_unknown,13
1965-05,other_or_unknown,32
1965-05,nz_new,2
1965-06,other_or_unknown,33
1965-06,nz_new,3
1965-07,other_or_unknown,29
1965-08,other_or_unknown,26
1965-08,nz_new,3
1965-09,other_or_unknown,32
1965-09,nz_new,7
1965-09,used_import,1
1965-10,other_or_unknown,42
1965-10,nz_new,1
1965-11,other_or_unknown,40
1965-11,nz_new,2
1965-12,other_or_unknown,45
1965-12,nz_new,2
1966-01,other_or_unknown,140
1966-01,nz_new,5
1966-02,other_or_unknown,26
1966-02,nz_new,7
1966-03,other_or_unknown,29
1966-04,other_or_unknown,29
1966-04,nz_new,1
1966-05,other_or_unknown,25
1966-05,nz_new,1
1966-06,other_or_unknown,36
1966-06,nz_new,2
1966-07,other_or_unknown,41
1966-07,nz_new,1
1966-08,other_or_unknown,27
1966-08,nz_new,5
1966-09,other_or_unknown,31
1966-09,nz_new,1
1966-10,other_or_unknown,33
1966-11,other_or_unknown,44
1966-11,nz_new,5
1966-12,other_or_unknown,37
1966-12,nz_new,1
1967-01,other_or_unknown,126
1967-01,nz_new,1
1967-02,other_or_unknown,38
1967-02,nz_new,4
1967-03,other_or_unknown,39
1967-03,nz_new,3
1967-04,other_or_unknown,30
1967-04,nz_new,2
1967-05,other_or_unknown,32
1967-05,nz_new,2
1967-06,other_or_unknown,55
1967-06,nz_new,4
1967-07,other_or_unknown,23
1967-08,other_or_unknown,32
1967-08,nz_new,3
1967-09,other_or_unknown,34
1967-09,nz_new,5
1967-10,other_or_unknown,30
1967-10,nz_new,1
1967-11,other_or_unknown,37
1967-11,nz_new,1
1967-12,other_or_unknown,35
1967-12,nz_new,4
1968-01,other_or_unknown,94
1968-01,nz_new,2
1968-02,other_or_unknown,36
1968-03,other_or_unknown,21
1968-03,nz_new,1
1968-04,other_or_unknown,12
1968-04,nz_new,2
1968-05,other_or_unknown,25
1968-05,nz_new,2
1968-06,other_or_unknown,22
1968-06,nz_new,3
1968-07,other_or_unknown,38
1968-07,nz_new,5
1968-08,other_or_unknown,28
1968-08,nz_new,4
1968-09,other_or_unknown,31
1968-09,nz_new,4
1968-10,other_or_unknown,33
1968-10,nz_new,1
1968-11,other_or_unknown,27
1968-11,nz_new,4
1968-12,other_or_unknown,23
1968-12,nz_new,2
1969-01,other_or_unknown,108
1969-01,nz_new,4
1969-02,other_or_unknown,31
1969-02,nz_new,2
1969-03,other_or_unknown,25
1969-03,nz_new,7
1969-04,other_or_unknown,23
1969-04,nz_new,1
1969-05,other_or_unknown,25
1969-05,nz_new,1
1969-06,other_or_unknown,21
1969-06,nz_new,2
1969-07,other_or_unknown,31
1969-07,nz_new,4
1969-08,other_or_unknown,25
1969-08,nz_new,3
1969-09,other_or_unknown,32
1969-09,nz_new,2
1969-10,other_or_unknown,28
1969-10,nz_new,1
1969-11,other_or_unknown,26
1969-11,nz_new,2
1969-12,other_or_unknown,35
1969-12,nz_new,3
1970-01,other_or_unknown,131
1970-01,nz_new,7
1970-02,other_or_unknown,33
1970-02,nz_new,1
1970-03,other_or_unknown,39
1970-03,nz_new,4
1970-04,other_or_unknown,42
1970-04,nz_new,3
1970-05,other_or_unknown,69
1970-05,nz_new,1
1970-06,other_or_unknown,38
1970-06,nz_new,3
1970-07,other_or_unknown,47
1970-07,nz_new,6
1970-08,other_or_unknown,47
1970-08,nz_new,4
1970-09,other_or_unknown,61
1970-09,nz_new,4
1970-10,other_or_unknown,61
1970-10,nz_new,4
1970-11,other_or_unknown,64
1970-11,nz_new,7
1970-12,other_or_unknown,43
1970-12,nz_new,3
1971-01,other_or_unknown,144
1971-01,nz_new,3
1971-02,other_or_unknown,43
1971-02,nz_new,3
1971-03,other_or_unknown,48
1971-03,nz_new,7
1971-04,other_or_unknown,51
1971-04,nz_new,2
1971-05,other_or_unknown,42
1971-05,nz_new,3
1971-06,other_or_unknown,31
1971-06,nz_new,5
1971-07,other_or_unknown,44
1971-07,nz_new,4
1971-08,other_or_unknown,31
1971-08,nz_new,4
1971-09,other_or_unknown,34
1971-10,other_or_unknown,50
1971-10,nz_new,6
1971-11,other_or_unknown,56
1971-11,nz_new,8
1971-11,used_import,1
1971-12,other_or_unknown,69
1971-12,nz_new,7
1972-01,other_or_unknown,180
1972-01,nz_new,11
1972-02,other_or_unknown,50
1972-02,nz_new,3
1972-03,other_or_unknown,55
1972-03,nz_new,5
1972-04,other_or_unknown,46
1972-04,nz_new,3
1972-05,other_or_unknown,52
1972-05,nz_new,6
1972-06,other_or_unknown,50
1972-06,nz_new,5
1972-07,other_or_unknown,50
1972-07,nz_new,7
1972-08,other_or_unknown,51
1972-08,nz_new,9
1972-09,other_or_unknown,40
1972-09,nz_new,10
1972-10,other_or_unknown,64
1972-10,nz_new,6
1972-11,other_or_unknown,78
1972-11,nz_new,8
1972-12,other_or_unknown,79
1972-12,nz_new,7
1973-01,other_or_unknown,174
1973-01,nz_new,15
1973-02,other_or_unknown,64
1973-02,nz_new,4
1973-03,other_or_unknown,37
1973-03,nz_new,6
1973-04,other_or_unknown,45
1973-04,nz_new,9
1973-05,other_or_unknown,55
1973-05,nz_new,14
1973-06,other_or_unknown,48
1973-06,nz_new,6
1973-07,other_or_unknown,45
1973-07,nz_new,10
1973-08,other_or_unknown,37
1973-08,nz_new,6
1973-09,other_or_unknown,48
1973-09,nz_new,3
1973-10,other_or_unknown,57
1973-10,nz_new,3
1973-11,other_or_unknown,61
1973-11,nz_new,10
1973-12,other_or_unknown,57
1973-12,nz_new,6
1974-01,other_or_unknown,162
1974-01,nz_new,6
1974-02,other_or_unknown,67
1974-02,nz_new,7
1974-03,other_or_unknown,43
1974-03,nz_new,6
1974-04,other_or_unknown,55
1974-04,nz_new,7
1974-05,other_or_unknown,77
1974-05,nz_new,13
1974-06,other_or_unknown,70
1974-06,nz_new,7
1974-07,other_or_unknown,68
1974-07,nz_new,9
1974-08,other_or_unknown,64
1974-08,nz_new,8
1974-09,other_or_unknown,26
1974-09,nz_new,1
1974-10,other_or_unknown,37
1974-10,nz_new,5
1974-11,other_or_unknown,30
1974-11,nz_new,8
1974-12,other_or_unknown,53
1974-12,nz_new,6
1975-01,other_or_unknown,82
1975-01,nz_new,7
1975-02,other_or_unknown,39
1975-02,nz_new,4
1975-03,other_or_unknown,43
1975-03,nz_new,7
1975-04,other_or_unknown,40
1975-04,nz_new,6
1975-05,other_or_unknown,42
1975-05,nz_new,3
1975-06,other_or_unknown,43
1975-06,nz_new,4
1975-07,other_or_unknown,34
1975-07,nz_new,1
1975-08,other_or_unknown,41
1975-08,nz_new,7
1975-09,other_or_unknown,35
1975-09,nz_new,6
1975-10,other_or_unknown,44
1975-10,nz_new,3
1975-11,other_or_unknown,35
1975-11,nz_new,2
1975-12,other_or_unknown,26
1975-12,nz_new,5
1976-01,other_or_unknown,53
1976-01,nz_new,8
1976-02,other_or_unknown,19
1976-02,nz_new,4
1976-03,other_or_unknown,38
1976-03,nz_new,6
1976-04,other_or_unknown,24
1976-04,nz_new,4
1976-05,other_or_unknown,27
1976-05,nz_new,1
1976-06,other_or_unknown,32
1976-06,nz_new,2
1976-07,other_or_unknown,23
1976-07,nz_new,1
1976-08,other_or_unknown,20
1976-08,nz_new,2
1976-09,other_or_unknown,22
1976-09,nz_new,3
1976-10,other_or_unknown,34
1976-10,nz_new,3
1976-11,other_or_unknown,39
1976-11,nz_new,4
1976-12,other_or_unknown,56
1976-12,nz_new,8
1977-01,other_or_unknown,54
1977-01,nz_new,2
1977-02,other_or_unknown,31
1977-02,nz_new,3
1977-03,other_or_unknown,32
1977-03,nz_new,7
1977-04,other_or_unknown,29
1977-04,nz_new,5
1977-05,other_or_unknown,33
1977-05,nz_new,4
1977-06,other_or_unknown,71
1977-06,nz_new,9
1977-07,other_or_unknown,25
1977-07,nz_new,6
1977-08,other_or_unknown,22
1977-08,nz_new,6
1977-09,other_or_unknown,25
1977-09,nz_new,3
1977-10,other_or_unknown,26
1977-10,nz_new,4
1977-10,used_import,1
1977-11,other_or_unknown,26
1977-11,nz_new,3
1977-12,other_or_unknown,22
1977-12,nz_new,4
1978-01,other_or_unknown,40
1978-01,nz_new,4
1978-02,other_or_unknown,30
1978-02,nz_new,4
1978-03,other_or_unknown,23
1978-03,nz_new,2
1978-04,other_or_unknown,37
1978-04,nz_new,5
1978-05,other_or_unknown,33
1978-05,nz_new,3
1978-06,other_or_unknown,28
1978-06,nz_new,7
1978-07,other_or_unknown,30
1978-07,nz_new,6
1978-08,other_or_unknown,29
1978-08,nz_new,9
1978-09,other_or_unknown,32
1978-09,nz_new,6
1978-10,other_or_unknown,23
1978-10,nz_new,7
1978-11,other_or_unknown,37
1978-11,nz_new,10
1978-12,other_or_unknown,28
1978-12,nz_new,2
1979-01,other_or_unknown,57
1979-01,nz_new,9
1979-02,other_or_unknown,21
1979-02,nz_new,1
1979-03,other_or_unknown,33
1979-03,nz_new,6
1979-04,other_or_unknown,25
1979-04,nz_new,5
1979-05,other_or_unknown,24
1979-05,nz_new,7
1979-06,other_or_unknown,35
1979-06,nz_new,2
1979-07,other_or_unknown,17
1979-07,nz_new,5
1979-08,other_or_unknown,35
1979-08,nz_new,2
1979-09,other_or_unknown,17
1979-09,nz_new,8
1979-10,other_or_unknown,29
1979-10,nz_new,3
1979-11,other_or_unknown,25
1979-11,nz_new,6
1979-12,other_or_unknown,34
1979-12,nz_new,6
1980-01,other_or_unknown,44
1980-01,nz_new,6
1980-02,other_or_unknown,31
1980-02,nz_new,7
1980-03,other_or_unknown,31
1980-03,nz_new,8
1980-04,other_or_unknown,29
1980-04,nz_new,6
1980-05,other_or_unknown,27
1980-05,nz_new,5
1980-06,other_or_unknown,25
1980-06,nz_new,3
1980-07,other_or_unknown,32
1980-07,nz_new,7
1980-08,other_or_unknown,33
1980-08,nz_new,4
1980-09,other_or_unknown,33
1980-09,nz_new,6
1980-10,other_or_unknown,29
1980-10,nz_new,3
1980-11,other_or_unknown,22
1980-11,nz_new,7
1980-12,other_or_unknown,24
1980-12,nz_new,7
1981-01,other_or_unknown,40
1981-01,nz_new,5
1981-02,other_or_unknown,23
1981-02,nz_new,3
1981-03,other_or_unknown,21
1981-03,nz_new,9
1981-04,other_or_unknown,24
1981-04,nz_new,5
1981-05,other_or_unknown,22
1981-05,nz_new,2
1981-06,other_or_unknown,17
1981-06,nz_new,2
1981-07,other_or_unknown,20
1981-07,nz_new,2
1981-08,other_or_unknown,24
1981-08,nz_new,11
1981-09,other_or_unknown,21
1981-09,nz_new,1
1981-10,other_or_unknown,24
1981-10,nz_new,9
1981-11,other_or_unknown,19
1981-11,nz_new,8
1981-12,other_or_unknown,16
1981-12,nz_new,3
1982-01,other_or_unknown,37
1982-01,nz_new,4
1982-02,other_or_unknown,21
1982-02,nz_new,8
1982-03,other_or_unknown,25
1982-03,nz_new,5
1982-04,other_or_unknown,21
1982-04,nz_new,5
1982-05,other_or_unknown,26
1982-05,nz_new,15
1982-06,other_or_unknown,41
1982-06,nz_new,8
1982-07,other_or_unknown,19
1982-07,nz_new,7
1982-08,other_or_unknown,17
1982-08,nz_new,5
1982-09,other_or_unknown,19
1982-09,nz_new,6
1982-10,other_or_unknown,19
1982-10,nz_new,4
1982-11,other_or_unknown,14
1982-11,nz_new,1
1982-12,other_or_unknown,19
1982-12,nz_new,6
1983-01,other_or_unknown,26
1983-01,nz_new,5
1983-02,other_or_unknown,16
1983-02,nz_new,3
1983-03,other_or_unknown,20
1983-03,nz_new,3
1983-04,other_or_unknown,13
1983-04,nz_new,5
1983-05,other_or_unknown,20
1983-05,nz_new,4
1983-06,other_or_unknown,21
1983-06,nz_new,2
1983-07,other_or_unknown,21
1983-07,nz_new,6
1983-08,other_or_unknown,8
1983-08,nz_new,6
1983-09,other_or_unknown,21
1983-09,nz_new,4
1983-10,other_or_unknown,25
1983-10,nz_new,6
1983-11,other_or_unknown,17
1983-11,nz_new,9
1983-12,other_or_unknown,11
1983-12,nz_new,7
1984-01,other_or_unknown,30
1984-01,nz_new,7
1984-02,other_or_unknown,25
1984-02,nz_new,4
1984-03,other_or_unknown,24
1984-03,nz_new,6
1984-04,other_or_unknown,20
1984-04,nz_new,8
1984-05,other_or_unknown,22
1984-05,nz_new,3
1984-06,other_or_unknown,13
1984-06,nz_new,6
1984-07,other_or_unknown,29
1984-07,nz_new,6
1984-08,other_or_unknown,15
1984-08,nz_new,7
1984-09,other_or_unknown,24
1984-09,nz_new,9
1984-10,other_or_unknown,22
1984-10,nz_new,3
1984-11,other_or_unknown,25
1984-11,nz_new,10
1984-12,other_or_unknown,25
1984-12,nz_new,3
1985-01,other_or_unknown,46
1985-01,nz_new,11
1985-02,other_or_unknown,21
1985-02,nz_new,11
1985-03,other_or_unknown,29
1985-03,nz_new,7
1985-04,other_or_unknown,28
1985-04,nz_new,5
1985-05,other_or_unknown,23
1985-05,nz_new,22
1985-06,other_or_unknown,34
1985-06,nz_new,12
1985-07,other_or_unknown,30
1985-07,nz_new,7
1985-08,other_or_unknown,27
1985-08,nz_new,9
1985-09,other_or_unknown,33
1985-09,nz_new,10
1985-10,other_or_unknown,25
1985-10,nz_new,6
1985-11,other_or_unknown,19
1985-11,nz_new,8
1985-12,other_or_unknown,34
1985-12,nz_new,7
1985-12,used_import,2
1986-01,other_or_unknown,55
1986-01,nz_new,5
1986-01,used_import,3
1986-02,other_or_unknown,29
1986-02,nz_new,6
1986-02,used_import,4
1986-03,other_or_unknown,26
1986-03,nz_new,2
1986-04,other_or_unknown,35
1986-04,nz_new,2
1986-04,used_import,2
1986-05,other_or_unknown,27
1986-05,nz_new,5
1986-05,used_import,2
1986-06,other_or_unknown,38
1986-06,nz_new,9
1986-07,other_or_unknown,30
1986-07,nz_new,8
1986-07,used_import,1
1986-08,other_or_unknown,40
1986-08,nz_new,10
1986-08,used_import,1
1986-09,other_or_unknown,36
1986-09,nz_new,8
1986-09,used_import,1
1986-10,other_or_unknown,39
1986-10,nz_new,7
1986-10,used_import,1
1986-11,other_or_unknown,34
1986-11,nz_new,2
1986-12,other_or_unknown,44
1986-12,nz_new,2
1986-12,used_import,1
1987-01,other_or_unknown,45
1987-01,nz_new,2
1987-01,used_import,1
1987-02,other_or_unknown,35
1987-02,nz_new,5
1987-02,used_import,2
1987-03,other_or_unknown,26
1987-03,nz_new,9
1987-03,used_import,3
1987-04,other_or_unknown,32
1987-04,nz_new,5
1987-04,used_import,4
1987-05,other_or_unknown,58
1987-05,nz_new,10
1987-05,used_import,6
1987-06,other_or_unknown,48
1987-06,nz_new,12
1987-06,used_import,4
1987-07,other_or_unknown,47
1987-07,nz_new,9
1987-07,used_import,1
1987-08,other_or_unknown,59
1987-08,nz_new,10
1987-08,used_import,6
1987-09,other_or_unknown,104
1987-09,nz_new,13
1987-09,used_import,6
1987-10,other_or_unknown,56
1987-10,nz_new,9
1987-10,used_import,2
1987-11,other_or_unknown,40
1987-11,nz_new,6
1987-11,used_import,1
1987-12,other_or_unknown,41
1987-12,used_import,6
1987-12,nz_new,4
1988-01,other_or_unknown,38
1988-01,nz_new,10
1988-01,used_import,2
1988-02,other_or_unknown,38
1988-02,used_import,5
1988-02,nz_new,3
1988-03,other_or_unknown,28
1988-03,nz_new,11
1988-03,used_import,1
1988-04,other_or_unknown,24
1988-04,used_import,4
1988-04,nz_new,1
1988-05,other_or_unknown,28
1988-05,nz_new,7
1988-06,other_or_unknown,21
1988-06,nz_new,8
1988-06,used_import,1
1988-07,other_or_unknown,32
1988-07,nz_new,7
1988-07,used_import,3
1988-08,other_or_unknown,23
1988-08,nz_new,11
1988-08,used_import,1
1988-09,other_or_unknown,31
1988-09,nz_new,7
1988-09,used_import,1
1988-10,other_or_unknown,23
1988-10,nz_new,6
1988-11,other_or_unknown,30
1988-11,nz_new,10
1988-11,used_import,4
1988-12,other_or_unknown,39
1988-12,nz_new,8
1988-12,used_import,5
1989-01,other_or_unknown,52
1989-01,nz_new,4
1989-01,used_import,1
1989-02,other_or_unknown,41
1989-02,nz_new,6
1989-02,used_import,2
1989-03,other_or_unknown,43
1989-03,nz_new,13
1989-03,used_import,5
1989-04,other_or_unknown,30
1989-04,nz_new,4
1989-04,used_import,1
1989-05,other_or_unknown,37
1989-05,nz_new,10
1989-05,used_import,4
1989-06,other_or_unknown,38
1989-06,nz_new,13
1989-06,used_import,4
1989-07,other_or_unknown,32
1989-07,nz_new,5
1989-07,used_import,2
1989-08,other_or_unknown,39
1989-08,nz_new,9
1989-08,used_import,3
1989-09,other_or_unknown,37
1989-09,nz_new,14
1989-09,used_import,2
1989-10,other_or_unknown,37
1989-10,nz_new,8
1989-10,used_import,1
1989-11,other_or_unknown,55
1989-11,nz_new,11
1989-12,other_or_unknown,41
1989-12,nz_new,6
1989-12,used_import,4
1990-01,other_or_unknown,51
1990-01,nz_new,9
1990-01,used_import,6
1990-02,other_or_unknown,35
1990-02,nz_new,14
1990-02,used_import,2
1990-03,other_or_unknown,47
1990-03,nz_new,16
1990-03,used_import,4
1990-04,other_or_unknown,46
1990-04,nz_new,10
1990-04,used_import,3
1990-05,other_or_unknown,55
1990-05,nz_new,9
1990-05,used_import,4
1990-06,other_or_unknown,43
1990-06,used_import,7
1990-06,nz_new,4
1990-07,other_or_unknown,54
1990-07,nz_new,16
1990-07,used_import,6
1990-08,other_or_unknown,43
1990-08,nz_new,16
1990-08,used_import,1
1990-09,other_or_unknown,46
1990-09,nz_new,9
1990-09,used_import,1
1990-10,other_or_unknown,98
1990-10,nz_new,11
1990-10,used_import,7
1990-11,other_or_unknown,40
1990-11,nz_new,11
1990-11,used_import,4
1990-12,other_or_unknown,64
1990-12,nz_new,10
1990-12,used_import,6
1991-01,other_or_unknown,44
1991-01,nz_new,5
1991-01,used_import,3
1991-02,other_or_unknown,20
1991-02,nz_new,10
1991-02,used_import,1
1991-03,other_or_unknown,31
1991-03,nz_new,10
1991-03,used_import,1
1991-04,other_or_unknown,28
1991-04,nz_new,12
1991-04,used_import,2
1991-05,other_or_unknown,28
1991-05,nz_new,10
1991-05,used_import,2
1991-06,other_or_unknown,27
1991-06,nz_new,4
1991-06,used_import,3
1991-07,other_or_unknown,19
1991-07,nz_new,12
1991-07,used_import,4
1991-08,other_or_unknown,34
1991-08,nz_new,14
1991-08,used_import,2
1991-09,other_or_unknown,34
1991-09,nz_new,12
1991-09,used_import,2
1991-10,other_or_unknown,25
1991-10,nz_new,16
1991-11,other_or_unknown,28
1991-11,nz_new,9
1991-11,used_import,4
1991-12,other_or_unknown,45
1991-12,nz_new,13
1991-12,used_import,3
1992-01,other_or_unknown,28
1992-01,nz_new,15
1992-01,used_import,3
1992-02,other_or_unknown,34
1992-02,nz_new,15
1992-02,used_import,4
1992-03,other_or_unknown,31
1992-03,nz_new,4
1992-03,used_import,3
1992-04,other_or_unknown,16
1992-04,nz_new,6
1992-04,used_import,1
1992-05,other_or_unknown,34
1992-05,nz_new,10
1992-06,other_or_unknown,38
1992-06,nz_new,7
1992-06,used_import,2
1992-07,other_or_unknown,37
1992-07,nz_new,13
1992-07,used_import,2
1992-08,other_or_unknown,32
1992-08,nz_new,18
1992-08,used_import,2
1992-09,other_or_unknown,39
1992-09,nz_new,11
1992-09,used_import,1
1992-10,other_or_unknown,27
1992-10,nz_new,10
1992-10,used_import,4
1992-11,other_or_unknown,33
1992-11,nz_new,14
1992-11,used_import,5
1992-12,other_or_unknown,31
1992-12,nz_new,15
1992-12,used_import,3
1993-01,other_or_unknown,30
1993-01,nz_new,12
1993-01,used_import,3
1993-02,other_or_unknown,28
1993-02,nz_new,13
1993-02,used_import,4
1993-03,other_or_unknown,36
1993-03,nz_new,19
1993-03,used_import,1
1993-04,other_or_unknown,26
1993-04,nz_new,14
1993-04,used_import,3
1993-05,other_or_unknown,35
1993-05,nz_new,13
1993-05,used_import,6
1993-06,other_or_unknown,26
1993-06,nz_new,15
1993-06,used_import,5
1993-07,other_or_unknown,40
1993-07,nz_new,22
1993-07,used_import,2
1993-08,other_or_unknown,31
1993-08,nz_new,13
1993-08,used_import,2
1993-09,other_or_unknown,31
1993-09,nz_new,13
1993-09,used_import,3
1993-10,other_or_unknown,33
1993-10,nz_new,20
1993-10,used_import,5
1993-11,other_or_unknown,36
1993-11,nz_new,23
1993-11,used_import,6
1993-12,other_or_unknown,35
1993-12,nz_new,11
1993-12,used_import,4
1994-01,other_or_unknown,53
1994-01,nz_new,12
1994-01,used_import,5
1994-02,other_or_unknown,36
1994-02,nz_new,16
1994-02,used_import,1
1994-03,other_or_unknown,52
1994-03,nz_new,32
1994-03,used_import,5
1994-04,other_or_unknown,28
1994-04,nz_new,13
1994-04,used_import,4
1994-05,other_or_unknown,40
1994-05,nz_new,23
1994-05,used_import,5
1994-06,other_or_unknown,45
1994-06,nz_new,16
1994-06,used_import,6
1994-07,other_or_unknown,32
1994-07,nz_new,20
1994-07,used_import,3
1994-08,other_or_unknown,33
1994-08,nz_new,20
1994-08,used_import,10
1994-09,other_or_unknown,46
1994-09,nz_new,21
1994-09,used_import,10
1994-10,other_or_unknown,56
1994-10,nz_new,28
1994-10,used_import,14
1994-11,other_or_unknown,57
1994-11,nz_new,23
1994-11,used_import,6
1994-12,other_or_unknown,42
1994-12,used_import,17
1994-12,nz_new,10
1995-01,other_or_unknown,62
1995-01,nz_new,45
1995-01,used_import,7
1995-02,other_or_unknown,51
1995-02,nz_new,19
1995-02,used_import,11
1995-03,other_or_unknown,54
1995-03,nz_new,24
1995-03,used_import,12
1995-04,other_or_unknown,41
1995-04,nz_new,23
1995-04,used_import,12
1995-05,other_or_unknown,48
1995-05,nz_new,27
1995-05,used_import,15
1995-06,other_or_unknown,63
1995-06,nz_new,21
1995-06,used_import,8
1995-07,other_or_unknown,50
1995-07,nz_new,32
1995-07,used_import,10
1995-08,other_or_unknown,72
1995-08,nz_new,24
1995-08,used_import,11
1995-09,other_or_unknown,82
1995-09,nz_new,23
1995-09,used_import,13
1995-10,other_or_unknown,68
1995-10,nz_new,24
1995-10,used_import,17
1995-11,other_or_unknown,59
1995-11,nz_new,22
1995-11,used_import,15
1995-12,other_or_unknown,52
1995-12,nz_new,23
1995-12,used_import,18
1996-01,other_or_unknown,60
1996-01,nz_new,24
1996-01,used_import,16
1996-02,other_or_unknown,63
1996-02,nz_new,21
1996-02,used_import,11
1996-03,other_or_unknown,70
1996-03,nz_new,26
1996-03,used_import,20
1996-04,other_or_unknown,54
1996-04,nz_new,30
1996-04,used_import,20
1996-05,other_or_unknown,69
1996-05,nz_new,36
1996-05,used_import,17
1996-06,other_or_unknown,51
1996-06,nz_new,29
1996-06,used_import,11
1996-07,other_or_unknown,66
1996-07,nz_new,30
1996-07,used_import,30
1996-08,other_or_unknown,78
1996-08,used_import,32
1996-08,nz_new,27
1996-09,used_import,326
1996-09,nz_new,57
1996-09,other_or_unknown,57
1996-10,used_import,526
1996-10,other_or_unknown,78
1996-10,nz_new,68
1996-11,used_import,642
1996-11,other_or_unknown,79
1996-11,nz_new,78
1996-12,used_import,701
1996-12,other_or_unknown,79
1996-12,nz_new,66
1997-01,used_import,608
1997-01,other_or_unknown,65
1997-01,nz_new,58
1997-02,used_import,585
1997-02,other_or_unknown,62
1997-02,nz_new,41
1997-03,used_import,583
1997-03,other_or_unknown,80
1997-03,nz_new,49
1997-04,used_import,723
1997-04,other_or_unknown,75
1997-04,nz_new,50
1997-05,used_import,747
1997-05,other_or_unknown,78
1997-05,nz_new,65
1997-06,used_import,581
1997-06,nz_new,112
1997-06,other_or_unknown,68
1997-07,used_import,686
1997-07,nz_new,116
1997-07,other_or_unknown,80
1997-08,used_import,582
1997-08,nz_new,91
1997-08,other_or_unknown,48
1997-09,used_import,575
1997-09,nz_new,141
1997-09,other_or_unknown,73
1997-10,used_import,481
1997-10,nz_new,159
1997-10,other_or_unknown,70
1997-11,used_import,471
1997-11,nz_new,64
1997-11,other_or_unknown,55
1997-12,used_import,593
1997-12,nz_new,90
1997-12,other_or_unknown,59
1998-01,used_import,539
1998-01,nz_new,63
1998-01,other_or_unknown,55
1998-02,used_import,483
1998-02,other_or_unknown,53
1998-02,nz_new,51
1998-03,used_import,565
1998-03,nz_new,57
1998-03,other_or_unknown,49
1998-04,used_import,484
1998-04,other_or_unknown,56
1998-04,nz_new,31
1998-05,used_import,514
1998-05,other_or_unknown,56
1998-05,nz_new,46
1998-06,used_import,553
1998-06,nz_new,100
1998-06,other_or_unknown,45
1998-07,used_import,704
1998-07,other_or_unknown,74
1998-07,nz_new,70
1998-08,used_import,711
1998-08,nz_new,82
1998-08,other_or_unknown,73
1998-09,used_import,720
1998-09,nz_new,107
1998-09,other_or_unknown,70
1998-10,used_import,728
1998-10,nz_new,141
1998-10,other_or_unknown,77
1998-11,used_import,747
1998-11,nz_new,82
1998-11,other_or_unknown,78
1998-12,used_import,815
1998-12,nz_new,163
1998-12,other_or_unknown,80
1999-01,used_import,680
1999-01,nz_new,71
1999-01,other_or_unknown,71
1999-02,used_import,664
1999-02,other_or_unknown,80
1999-02,nz_new,63
1999-03,used_import,861
1999-03,other_or_unknown,83
1999-03,nz_new,75
1999-04,used_import,833
1999-04,other_or_unknown,95
1999-04,nz_new,88
1999-05,used_import,887
1999-05,other_or_unknown,80
1999-05,nz_new,63
1999-06,used_import,892
1999-06,other_or_unknown,106
1999-06,nz_new,94
1999-07,used_import,950
1999-07,nz_new,83
1999-07,other_or_unknown,65
1999-08,used_import,938
1999-08,nz_new,104
1999-08,other_or_unknown,98
1999-09,used_import,795
1999-09,nz_new,186
1999-09,other_or_unknown,101
1999-10,used_import,721
1999-10,nz_new,255
1999-10,other_or_unknown,97
1999-11,used_import,895
1999-11,nz_new,199
1999-11,other_or_unknown,92
1999-12,used_import,905
1999-12,nz_new,213
1999-12,other_or_unknown,103
2000-01,used_import,765
2000-01,nz_new,161
2000-01,other_or_unknown,99
2000-02,used_import,857
2000-02,nz_new,189
2000-02,other_or_unknown,100
2000-03,used_import,916
2000-03,nz_new,286
2000-03,other_or_unknown,104
2000-04,used_import,691
2000-04,nz_new,202
2000-04,other_or_unknown,84
2000-05,used_import,916
2000-05,nz_new,349
2000-05,other_or_unknown,88
2000-06,used_import,800
2000-06,nz_new,518
2000-06,other_or_unknown,98
2000-07,used_import,779
2000-07,nz_new,618
2000-07,other_or_unknown,99
2000-08,nz_new,823
2000-08,used_import,791
2000-08,other_or_unknown,66
2000-09,nz_new,895
2000-09,used_import,689
2000-09,other_or_unknown,90
2000-10,nz_new,997
2000-10,used_import,628
2000-10,other_or_unknown,80
2000-11,nz_new,1016
2000-11,used_import,667
2000-11,other_or_unknown,79
2000-12,nz_new,911
2000-12,used_import,664
2000-12,other_or_unknown,80
2001-01,nz_new,1113
2001-01,used_import,741
2001-01,other_or_unknown,67
2001-02,nz_new,1078
2001-02,used_import,678
2001-02,other_or_unknown,92
2001-03,nz_new,1354
2001-03,used_import,882
2001-03,other_or_unknown,83
2001-04,nz_new,1035
2001-04,used_import,821
2001-04,other_or_unknown,90
2001-05,nz_new,1274
2001-05,used_import,991
2001-05,other_or_unknown,100
2001-06,nz_new,1555
2001-06,used_import,899
2001-06,other_or_unknown,99
2001-07,nz_new,1367
2001-07,used_import,979
2001-07,other_or_unknown,101
2001-08,nz_new,1371
2001-08,used_import,1028
2001-08,other_or_unknown,108
2001-09,nz_new,1285
2001-09,used_import,883
2001-09,other_or_unknown,108
2001-10,nz_new,1702
2001-10,used_import,920
2001-10,other_or_unknown,117
2001-11,nz_new,1735
2001-11,used_import,1009
2001-11,other_or_unknown,110
2001-12,nz_new,1646
2001-12,used_import,979
2001-12,other_or_unknown,116
2002-01,nz_new,1655
2002-01,used_import,1001
2002-01,other_or_unknown,101
2002-02,nz_new,1390
2002-02,used_import,1029
2002-02,other_or_unknown,102
2002-03,nz_new,1804
2002-03,used_import,1222
2002-03,other_or_unknown,127
2002-04,nz_new,1609
2002-04,used_import,1114
2002-04,other_or_unknown,117
2002-05,nz_new,1794
2002-05,used_import,1274
2002-05,other_or_unknown,125
2002-06,nz_new,1994
2002-06,used_import,1100
2002-06,other_or_unknown,119
2002-07,nz_new,1880
2002-07,used_import,1316
2002-07,other_or_unknown,116
2002-08,nz_new,1831
2002-08,used_import,1356
2002-08,other_or_unknown,156
2002-09,nz_new,2029
2002-09,used_import,1277
2002-09,other_or_unknown,114
2002-10,nz_new,2272
2002-10,used_import,1353
2002-10,other_or_unknown,109
2002-11,nz_new,2022
2002-11,used_import,1325
2002-11,other_or_unknown,123
2002-12,nz_new,1757
2002-12,used_import,1485
2002-12,other_or_unknown,119
2003-01,nz_new,2287
2003-01,used_import,1532
2003-01,other_or_unknown,137
2003-02,nz_new,2030
2003-02,used_import,1566
2003-02,other_or_unknown,125
2003-03,nz_new,2231
2003-03,used_import,1680
2003-03,other_or_unknown,140
2003-04,nz_new,1841
2003-04,used_import,1641
2003-04,other_or_unknown,118
2003-05,nz_new,2210
2003-05,used_import,2014
2003-05,other_or_unknown,149
2003-06,nz_new,2729
2003-06,used_import,1801
2003-06,other_or_unknown,149
2003-07,nz_new,2689
2003-07,used_import,2017
2003-07,other_or_unknown,164
2003-08,nz_new,2356
2003-08,used_import,1878
2003-08,other_or_unknown,157
2003-09,nz_new,2971
2003-09,used_import,1820
2003-09,other_or_unknown,167
2003-10,nz_new,3044
2003-10,used_import,1947
2003-10,other_or_unknown,184
2003-11,nz_new,2508
2003-11,used_import,1710
2003-11,other_or_unknown,149
2003-12,nz_new,2623
2003-12,used_import,1871
2003-12,other_or_unknown,186
2004-01,nz_new,2672
2004-01,used_import,1888
2004-01,other_or_unknown,135
2004-02,nz_new,2412
2004-02,used_import,1974
2004-02,other_or_unknown,147
2004-03,nz_new,2927
2004-03,used_import,2314
2004-03,other_or_unknown,185
2004-04,nz_new,2462
2004-04,used_import,2088
2004-04,other_or_unknown,157
2004-05,nz_new,2642
2004-05,used_import,2086
2004-05,other_or_unknown,152
2004-06,nz_new,3338
2004-06,used_import,1989
2004-06,other_or_unknown,172
2004-07,nz_new,2841
2004-07,used_import,2013
2004-07,other_or_unknown,137
2004-08,nz_new,2709
2004-08,used_import,1923
2004-08,other_or_unknown,150
2004-09,nz_new,3134
2004-09,used_import,1890
2004-09,other_or_unknown,172
2004-10,nz_new,3354
2004-10,used_import,1733
2004-10,other_or_unknown,154
2004-11,nz_new,3126
2004-11,used_import,1873
2004-11,other_or_unknown,147
2004-12,nz_new,2853
2004-12,used_import,1974
2004-12,other_or_unknown,173
2005-01,nz_new,2874
2005-01,used_import,1763
2005-01,other_or_unknown,141
2005-02,nz_new,2931
2005-02,used_import,2198
2005-02,other_or_unknown,162
2005-03,nz_new,3410
2005-03,used_import,2173
2005-03,other_or_unknown,163
2005-04,nz_new,2815
2005-04,used_import,2101
2005-04,other_or_unknown,190
2005-05,nz_new,3100
2005-05,used_import,2321
2005-05,other_or_unknown,183
2005-06,nz_new,3893
2005-06,used_import,2196
2005-06,other_or_unknown,188
2005-07,nz_new,3309
2005-07,used_import,2386
2005-07,other_or_unknown,162
2005-08,nz_new,3689
2005-08,used_import,2461
2005-08,other_or_unknown,207
2005-09,nz_new,3845
2005-09,used_import,2222
2005-09,other_or_unknown,214
2005-10,nz_new,3796
2005-10,used_import,2056
2005-10,other_or_unknown,186
2005-11,nz_new,3270
2005-11,used_import,2443
2005-11,other_or_unknown,172
2005-12,nz_new,3155
2005-12,used_import,2400
2005-12,other_or_unknown,169
2006-01,nz_new,3587
2006-01,used_import,2223
2006-01,other_or_unknown,183
2006-02,nz_new,3417
2006-02,used_import,2194
2006-02,other_or_unknown,183
2006-03,nz_new,4058
2006-03,used_import,2452
2006-03,other_or_unknown,217
2006-04,nz_new,2937
2006-04,used_import,2039
2006-04,other_or_unknown,154
2006-05,nz_new,3551
2006-05,used_import,2295
2006-05,other_or_unknown,177
2006-06,nz_new,3551
2006-06,used_import,2000
2006-06,other_or_unknown,159
2006-07,nz_new,3427
2006-07,used_import,2012
2006-07,other_or_unknown,153
2006-08,nz_new,3905
2006-08,used_import,1947
2006-08,other_or_unknown,205
2006-09,nz_new,4284
2006-09,used_import,1841
2006-09,other_or_unknown,188
2006-10,nz_new,4479
2006-10,used_import,1949
2006-10,other_or_unknown,181
2006-11,nz_new,3789
2006-11,used_import,2090
2006-11,other_or_unknown,185
2006-12,nz_new,3376
2006-12,used_import,2063
2006-12,other_or_unknown,165
2007-01,nz_new,4311
2007-01,used_import,2183
2007-01,other_or_unknown,178
2007-02,nz_new,3735
2007-02,used_import,2029
2007-02,other_or_unknown,175
2007-03,nz_new,4337
2007-03,used_import,2463
2007-03,other_or_unknown,238
2007-04,nz_new,3112
2007-04,used_import,2221
2007-04,other_or_unknown,166
2007-05,nz_new,4075
2007-05,used_import,2656
2007-05,other_or_unknown,233
2007-06,nz_new,4089
2007-06,used_import,2519
2007-06,other_or_unknown,208
2007-07,nz_new,4147
2007-07,used_import,2828
2007-07,other_or_unknown,225
2007-08,nz_new,4433
2007-08,used_import,2966
2007-08,other_or_unknown,232
2007-09,nz_new,4622
2007-09,used_import,2553
2007-09,other_or_unknown,198
2007-10,nz_new,5093
2007-10,used_import,2631
2007-10,other_or_unknown,237
2007-11,nz_new,4440
2007-11,used_import,2545
2007-11,other_or_unknown,213
2007-12,nz_new,3744
2007-12,used_import,2555
2007-12,other_or_unknown,184
2008-01,nz_new,5231
2008-01,used_import,2578
2008-01,other_or_unknown,206
2008-02,nz_new,4298
2008-02,used_import,2559
2008-02,other_or_unknown,206
2008-03,nz_new,4386
2008-03,used_import,2431
2008-03,other_or_unknown,203
2008-04,nz_new,3781
2008-04,used_import,2471
2008-04,other_or_unknown,188
2008-05,nz_new,3842
2008-05,used_import,2273
2008-05,other_or_unknown,167
2008-06,nz_new,4678
2008-06,used_import,2084
2008-06,other_or_unknown,171
2008-07,nz_new,3710
2008-07,used_import,2121
2008-07,other_or_unknown,171
2008-08,nz_new,3926
2008-08,used_import,1949
2008-08,other_or_unknown,167
2008-09,nz_new,4762
2008-09,used_import,2166
2008-09,other_or_unknown,183
2008-10,nz_new,5333
2008-10,used_import,2005
2008-10,other_or_unknown,193
2008-11,nz_new,3508
2008-11,used_import,1822
2008-11,other_or_unknown,151
2008-12,nz_new,3748
2008-12,used_import,1928
2008-12,other_or_unknown,155
2009-01,nz_new,3833
2009-01,used_import,1564
2009-01,other_or_unknown,149
2009-02,nz_new,2705
2009-02,used_import,1388
2009-02,other_or_unknown,122
2009-03,nz_new,3524
2009-03,used_import,1539
2009-03,other_or_unknown,146
2009-04,nz_new,2601
2009-04,used_import,1436
2009-04,other_or_unknown,91
2009-05,nz_new,2916
2009-05,used_import,1549
2009-05,other_or_unknown,130
2009-06,nz_new,3160
2009-06,used_import,1690
2009-06,other_or_unknown,104
2009-07,nz_new,3247
2009-07,used_import,2003
2009-07,other_or_unknown,132
2009-08,nz_new,3220
2009-08,used_import,1837
2009-08,other_or_unknown,115
2009-09,nz_new,4134
2009-09,used_import,1823
2009-09,other_or_unknown,138
2009-10,nz_new,4251
2009-10,used_import,1982
2009-10,other_or_unknown,159
2009-11,nz_new,3310
2009-11,used_import,2208
2009-11,other_or_unknown,139
2009-12,nz_new,3025
2009-12,used_import,2519
2009-12,other_or_unknown,144
2010-01,nz_new,4415
2010-01,used_import,2346
2010-01,other_or_unknown,147
2010-02,nz_new,3351
2010-02,used_import,2365
2010-02,other_or_unknown,125
2010-03,nz_new,4171
2010-03,used_import,2856
2010-03,other_or_unknown,153
2010-04,nz_new,3573
2010-04,used_import,2570
2010-04,other_or_unknown,141
2010-05,nz_new,3533
2010-05,used_import,2621
2010-05,other_or_unknown,152
2010-06,nz_new,4531
2010-06,used_import,2730
2010-06,other_or_unknown,173
2010-07,nz_new,3471
2010-07,used_import,2894
2010-07,other_or_unknown,141
2010-08,nz_new,3668
2010-08,used_import,2813
2010-08,other_or_unknown,150
2010-09,nz_new,4923
2010-09,used_import,2761
2010-09,other_or_unknown,182
2010-10,nz_new,4552
2010-10,used_import,2502
2010-10,other_or_unknown,180
2010-11,nz_new,4575
2010-11,used_import,2755
2010-11,other_or_unknown,177
2010-12,nz_new,3576
2010-12,used_import,2800
2010-12,other_or_unknown,154
2011-01,nz_new,5035
2011-01,used_import,2590
2011-01,other_or_unknown,162
2011-02,nz_new,3903
2011-02,used_import,2484
2011-02,other_or_unknown,146
2011-03,nz_new,4892
2011-03,used_import,2705
2011-03,other_or_unknown,170
2011-04,nz_new,3350
2011-04,used_import,2363
2011-04,other_or_unknown,121
2011-05,nz_new,3583
2011-05,used_import,2733
2011-05,other_or_unknown,127
2011-06,nz_new,4263
2011-06,used_import,2484
2011-06,other_or_unknown,147
2011-07,nz_new,3905
2011-07,used_import,2443
2011-07,other_or_unknown,129
2011-08,nz_new,4734
2011-08,used_import,2500
2011-08,other_or_unknown,160
2011-09,nz_new,4604
2011-09,used_import,2421
2011-09,other_or_unknown,153
2011-10,nz_new,4481
2011-10,used_import,2417
2011-10,other_or_unknown,133
2011-11,nz_new,4554
2011-11,used_import,2763
2011-11,other_or_unknown,162
2011-12,nz_new,4346
2011-12,used_import,3131
2011-12,other_or_unknown,164
2012-01,nz_new,6241
2012-01,used_import,2719
2012-01,other_or_unknown,197
2012-02,nz_new,4680
2012-02,used_import,2579
2012-02,other_or_unknown,154
2012-03,nz_new,5417
2012-03,used_import,2867
2012-03,other_or_unknown,167
2012-04,nz_new,4534
2012-04,used_import,2812
2012-04,other_or_unknown,154
2012-05,nz_new,4879
2012-05,used_import,3317
2012-05,other_or_unknown,197
2012-06,nz_new,6047
2012-06,used_import,3091
2012-06,other_or_unknown,198
2012-07,nz_new,5227
2012-07,used_import,3358
2012-07,other_or_unknown,194
2012-08,nz_new,4992
2012-08,used_import,3399
2012-08,other_or_unknown,170
2012-09,nz_new,5641
2012-09,used_import,3208
2012-09,other_or_unknown,172
2012-10,nz_new,6208
2012-10,used_import,3554
2012-10,other_or_unknown,199
2012-11,nz_new,5484
2012-11,used_import,3606
2012-11,other_or_unknown,198
2012-12,nz_new,5159
2012-12,used_import,3619
2012-12,other_or_unknown,185
2013-01,nz_new,6372
2013-01,used_import,4059
2013-01,other_or_unknown,200
2013-02,nz_new,4985
2013-02,used_import,3753
2013-02,other_or_unknown,166
2013-03,nz_new,5887
2013-03,used_import,4091
2013-03,other_or_unknown,189
2013-04,nz_new,5079
2013-04,used_import,4035
2013-04,other_or_unknown,184
2013-05,nz_new,5498
2013-05,used_import,4680
2013-05,other_or_unknown,209
2013-06,nz_new,6561
2013-06,used_import,4411
2013-06,other_or_unknown,218
2013-07,nz_new,5872
2013-07,used_import,5425
2013-07,other_or_unknown,221
2013-08,nz_new,5909
2013-08,used_import,4836
2013-08,other_or_unknown,195
2013-09,nz_new,6358
2013-09,used_import,4261
2013-09,other_or_unknown,190
2013-10,nz_new,6885
2013-10,used_import,4747
2013-10,other_or_unknown,223
2013-11,nz_new,6471
2013-11,used_import,5165
2013-11,other_or_unknown,233
2013-12,nz_new,5565
2013-12,used_import,5277
2013-12,other_or_unknown,212
2014-01,nz_new,7357
2014-01,used_import,5544
2014-01,other_or_unknown,237
2014-02,nz_new,5865
2014-02,used_import,5317
2014-02,other_or_unknown,195
2014-03,nz_new,7124
2014-03,used_import,6124
2014-03,other_or_unknown,246
2014-04,used_import,5575
2014-04,nz_new,5450
2014-04,other_or_unknown,239
2014-05,used_import,6642
2014-05,nz_new,6054
2014-05,other_or_unknown,262
2014-06,nz_new,7567
2014-06,used_import,6426
2014-06,other_or_unknown,286
2014-07,used_import,7190
2014-07,nz_new,6342
2014-07,other_or_unknown,245
2014-08,used_import,6765
2014-08,nz_new,6308
2014-08,other_or_unknown,242
2014-09,nz_new,7464
2014-09,used_import,6811
2014-09,other_or_unknown,301
2014-10,nz_new,7955
2014-10,used_import,6832
2014-10,other_or_unknown,258
2014-11,nz_new,7196
2014-11,used_import,6906
2014-11,other_or_unknown,273
2014-12,used_import,7590
2014-12,nz_new,6047
2014-12,other_or_unknown,283
2015-01,nz_new,8162
2015-01,used_import,7587
2015-01,other_or_unknown,338
2015-02,used_import,6796
2015-02,nz_new,6445
2015-02,other_or_unknown,245
2015-03,used_import,7811
2015-03,nz_new,7333
2015-03,other_or_unknown,300
2015-04,used_import,7124
2015-04,nz_new,5755
2015-04,other_or_unknown,249
2015-05,used_import,7985
2015-05,nz_new,6219
2015-05,other_or_unknown,261
2015-06,nz_new,8223
2015-06,used_import,8003
2015-06,other_or_unknown,320
2015-07,used_import,8880
2015-07,nz_new,6614
2015-07,other_or_unknown,309
2015-08,used_import,7752
2015-08,nz_new,7040
2015-08,other_or_unknown,308
2015-09,nz_new,8097
2015-09,used_import,7489
2015-09,other_or_unknown,298
2015-10,nz_new,8775
2015-10,used_import,7030
2015-10,other_or_unknown,319
2015-11,nz_new,7429
2015-11,used_import,7418
2015-11,other_or_unknown,273
2015-12,used_import,7896
2015-12,nz_new,6529
2015-12,other_or_unknown,307
2016-01,nz_new,8210
2016-01,used_import,7501
2016-01,other_or_unknown,278
2016-02,used_import,7560
2016-02,nz_new,6657
2016-02,other_or_unknown,250
2016-03,used_import,7849
2016-03,nz_new,7539
2016-03,other_or_unknown,306
2016-04,used_import,7883
2016-04,nz_new,6279
2016-04,other_or_unknown,261
2016-05,used_import,8218
2016-05,nz_new,6911
2016-05,other_or_unknown,301
2016-06,nz_new,8469
2016-06,used_import,7833
2016-06,other_or_unknown,327
2016-07,used_import,8595
2016-07,nz_new,7144
2016-07,other_or_unknown,273
2016-08,used_import,8589
2016-08,nz_new,8241
2016-08,other_or_unknown,320
2016-09,nz_new,9022
2016-09,used_import,8411
2016-09,other_or_unknown,286
2016-10,nz_new,9987
2016-10,used_import,8402
2016-10,other_or_unknown,341
2016-11,nz_new,9034
2016-11,used_import,8523
2016-11,other_or_unknown,297
2016-12,used_import,8802
2016-12,nz_new,7518
2016-12,other_or_unknown,280
2017-01,nz_new,9461
2017-01,used_import,8963
2017-01,other_or_unknown,322
2017-02,used_import,8424
2017-02,nz_new,7515
2017-02,other_or_unknown,257
2017-03,used_import,10003
2017-03,nz_new,8660
2017-03,other_or_unknown,309
2017-04,used_import,8786
2017-04,nz_new,6572
2017-04,other_or_unknown,257
2017-05,used_import,10066
2017-05,nz_new,7908
2017-05,other_or_unknown,325
2017-06,nz_new,9602
2017-06,used_import,9366
2017-06,other_or_unknown,330
2017-07,used_import,10255
2017-07,nz_new,7178
2017-07,other_or_unknown,278
2017-08,used_import,10367
2017-08,nz_new,8133
2017-08,other_or_unknown,271
2017-09,used_import,9746
2017-09,nz_new,9269
2017-09,other_or_unknown,302
2017-10,nz_new,10485
2017-10,used_import,10224
2017-10,other_or_unknown,314
2017-11,used_import,10800
2017-11,nz_new,9724
2017-11,other_or_unknown,330
2017-12,used_import,10073
2017-12,nz_new,7655
2017-12,other_or_unknown,333
2018-01,nz_new,10273
2018-01,used_import,10084
2018-01,other_or_unknown,310
2018-02,used_import,8794
2018-02,nz_new,7056
2018-02,other_or_unknown,246
2018-03,used_import,8696
2018-03,nz_new,8544
2018-03,other_or_unknown,287
2018-04,used_import,8109
2018-04,nz_new,6488
2018-04,other_or_unknown,220
2018-05,used_import,9979
2018-05,nz_new,8803
2018-05,other_or_unknown,242
2018-06,used_import,9507
2018-06,nz_new,9236
2018-06,other_or_unknown,303
2018-07,used_import,10481
2018-07,nz_new,7664
2018-07,other_or_unknown,270
2018-08,used_import,10110
2018-08,nz_new,8178
2018-08,other_or_unknown,269
2018-09,nz_new,8985
2018-09,used_import,8625
2018-09,other_or_unknown,257
2018-10,nz_new,11192
2018-10,used_import,9211
2018-10,other_or_unknown,293
2018-11,nz_new,9089
2018-11,used_import,8515
2018-11,other_or_unknown,244
2018-12,used_import,8562
2018-12,nz_new,7282
2018-12,other_or_unknown,241
2019-01,nz_new,9461
2019-01,used_import,9089
2019-01,other_or_unknown,274
2019-02,used_import,8678
2019-02,nz_new,7248
2019-02,other_or_unknown,229
2019-03,used_import,9162
2019-03,nz_new,8030
2019-03,other_or_unknown,277
2019-04,used_import,8434
2019-04,nz_new,6471
2019-04,other_or_unknown,197
2019-05,used_import,9540
2019-05,nz_new,7350
2019-05,other_or_unknown,224
2019-06,used_import,8909
2019-06,nz_new,8398
2019-06,other_or_unknown,195
2019-07,used_import,10090
2019-07,nz_new,7564
2019-07,other_or_unknown,250
2019-08,used_import,9869
2019-08,nz_new,8164
2019-08,other_or_unknown,255
2019-09,nz_new,9907
2019-09,used_import,9312
2019-09,other_or_unknown,250
2019-10,nz_new,10194
2019-10,used_import,9408
2019-10,other_or_unknown,259
2019-11,used_import,9346
2019-11,nz_new,9237
2019-11,other_or_unknown,199
2019-12,used_import,9410
2019-12,nz_new,7781
2019-12,other_or_unknown,239
2020-01,used_import,9704
2020-01,nz_new,8808
2020-01,other_or_unknown,229
2020-02,used_import,8765
2020-02,nz_new,7593
2020-02,other_or_unknown,203
2020-03,used_import,7013
2020-03,nz_new,5212
2020-03,other_or_unknown,143
2020-04,nz_new,679
2020-04,used_import,491
2020-04,other_or_unknown,16
2020-05,used_import,7843
2020-05,nz_new,5202
2020-05,other_or_unknown,165
2020-06,used_import,9959
2020-06,nz_new,7131
2020-06,other_or_unknown,205
2020-07,used_import,10027
2020-07,nz_new,7957
2020-07,other_or_unknown,205
2020-08,used_import,7643
2020-08,nz_new,6869
2020-08,other_or_unknown,145
2020-09,used_import,8697
2020-09,nz_new,7461
2020-09,other_or_unknown,199
2020-10,used_import,8280
2020-10,nz_new,8015
2020-10,other_or_unknown,181
2020-11,used_import,8095
2020-11,nz_new,7764
2020-11,other_or_unknown,175
2020-12,used_import,7900
2020-12,nz_new,5362
2020-12,other_or_unknown,151
2021-01,nz_new,9416
2021-01,used_import,8029
2021-01,other_or_unknown,158
2021-02,nz_new,8444
2021-02,used_import,7856
2021-02,other_or_unknown,158
2021-03,nz_new,9762
2021-03,used_import,9485
2021-03,other_or_unknown,200
2021-04,used_import,8682
2021-04,nz_new,8554
2021-04,other_or_unknown,155
2021-05,used_import,9702
2021-05,nz_new,9697
2021-05,other_or_unknown,203
2021-06,nz_new,9960
2021-06,used_import,9757
2021-06,other_or_unknown,195
2021-07,used_import,11431
2021-07,nz_new,9684
2021-07,other_or_unknown,202
2021-08,used_import,6227
2021-08,nz_new,4501
2021-08,other_or_unknown,101
2021-09,nz_new,11556
2021-09,used_import,6632
2021-09,other_or_unknown,144
2021-10,used_import,9386
2021-10,nz_new,9016
2021-10,other_or_unknown,124
2021-11,nz_new,10912
2021-11,used_import,10032
2021-11,other_or_unknown,146
2021-12,used_import,8950
2021-12,nz_new,7340
2021-12,other_or_unknown,151
2022-01,used_import,9016
2022-01,nz_new,8727
2022-01,other_or_unknown,149
2022-02,used_import,9629
2022-02,nz_new,7462
2022-02,other_or_unknown,138
2022-03,used_import,21611
2022-03,nz_new,10906
2022-03,other_or_unknown,297
2022-04,nz_new,8304
2022-04,used_import,5952
2022-04,other_or_unknown,105
2022-05,nz_new,10281
2022-05,used_import,6291
2022-05,other_or_unknown,93
2022-06,nz_new,9343
2022-06,used_import,6753
2022-06,other_or_unknown,86
2022-07,nz_new,7846
2022-07,used_import,7552
2022-07,other_or_unknown,101
2022-08,nz_new,10674
2022-08,used_import,7290
2022-08,other_or_unknown,103
2022-09,nz_new,10354
2022-09,used_import,6696
2022-09,other_or_unknown,113
2022-10,nz_new,10513
2022-10,used_import,6641
2022-10,other_or_unknown,106
2022-11,nz_new,10893
2022-11,used_import,6587
2022-11,other_or_unknown,91
2022-12,nz_new,8294
2022-12,used_import,6464
2022-12,other_or_unknown,98
2023-01,nz_new,9083
2023-01,used_import,6613
2023-01,other_or_unknown,74
2023-02,used_import,7236
2023-02,nz_new,6141
2023-02,other_or_unknown,56
2023-03,nz_new,11424
2023-03,used_import,8862
2023-03,other_or_unknown,101
2023-04,used_import,7426
2023-04,nz_new,6913
2023-04,other_or_unknown,72
2023-05,nz_new,9401
2023-05,used_import,8992
2023-05,other_or_unknown,77
2023-06,nz_new,16954
2023-06,used_import,15795
2023-06,other_or_unknown,149
2023-07,used_import,6135
2023-07,nz_new,4250
2023-07,other_or_unknown,45
2023-08,used_import,8297
2023-08,nz_new,6880
2023-08,other_or_unknown,50
2023-09,used_import,8427
2023-09,nz_new,8014
2023-09,other_or_unknown,68
2023-10,nz_new,9852
2023-10,used_import,9158
2023-10,other_or_unknown,61
2023-11,nz_new,11339
2023-11,used_import,9181
2023-11,other_or_unknown,65
2023-12,used_import,12213
2023-12,nz_new,8445
2023-12,other_or_unknown,68
2024-01,used_import,8563
2024-01,nz_new,7990
2024-01,other_or_unknown,51
2024-02,used_import,8463
2024-02,nz_new,5850
2024-02,other_or_unknown,45
2024-03,used_import,8569
2024-03,nz_new,7475
2024-03,other_or_unknown,44
2024-04,used_import,8372
2024-04,nz_new,6049
2024-04,other_or_unknown,33
2024-05,used_import,8526
2024-05,nz_new,6291
2024-05,other_or_unknown,33
2024-06,used_import,7531
2024-06,nz_new,5997
2024-06,other_or_unknown,23
2024-07,used_import,8689
2024-07,nz_new,6280
2024-07,other_or_unknown,40
2024-08,used_import,7928
2024-08,nz_new,6681
2024-08,other_or_unknown,28
2024-09,nz_new,8465
2024-09,used_import,6981
2024-09,other_or_unknown,43
2024-10,nz_new,9399
2024-10,used_import,7103
2024-10,other_or_unknown,27
2024-11,nz_new,8883
2024-11,used_import,6720
2024-11,other_or_unknown,25
2024-12,nz_new,7144
2024-12,used_import,6956
2024-12,other_or_unknown,24
2025-01,nz_new,7988
2025-01,used_import,7217
2025-01,other_or_unknown,10
2025-02,nz_new,6953
2025-02,used_import,6656
2025-02,other_or_unknown,12
2025-03,nz_new,8360
2025-03,used_import,7113
2025-03,other_or_unknown,25
2025-04,used_import,6321
2025-04,nz_new,6042
2025-04,other_or_unknown,15
2025-05,used_import,7147
2025-05,nz_new,6767
2025-05,other_or_unknown,11
2025-06,nz_new,8184
2025-06,used_import,6705
2025-06,other_or_unknown,13
2025-07,used_import,7955
2025-07,nz_new,7576
2025-07,other_or_unknown,10
2025-08,nz_new,8051
2025-08,used_import,7382
2025-08,other_or_unknown,11
2025-09,nz_new,10317
2025-09,used_import,6988
2025-09,other_or_unknown,9
2025-10,nz_new,10681
2025-10,used_import,6953
2025-10,other_or_unknown,10
2025-11,nz_new,10204
2025-11,used_import,6723
2025-11,other_or_unknown,6
2025-12,used_import,6652
2025-12,nz_new,6358
2025-12,other_or_unknown,6
2026-01,nz_new,8985
2026-01,used_import,7542
2026-01,other_or_unknown,4
2026-02,nz_new,7127
2026-02,used_import,6927
2026-02,other_or_unknown,9
2026-03,nz_new,10019
2026-03,used_import,8197
2026-03,other_or_unknown,5
2026-04,nz_new,7101
2026-04,used_import,6765
2026-04,other_or_unknown,6
2026-05,nz_new,8157
2026-05,used_import,7159
2026-05,other_or_unknown,5
2026-06,nz_new,9957
2026-06,used_import,7563
2026-06,other_or_unknown,6
